Time,Th_ENB1,Delay_ENB1,Loss_ENB1,UE_ENB1,RSRP_ENB1,SINR_ENB1,Load_ENB1,Handover_ENB1,Th_ENB2,Delay_ENB2,Loss_ENB2,UE_ENB2,RSRP_ENB2,SINR_ENB2,Load_ENB2,Handover_ENB2,Th_ENB3,Delay_ENB3,Loss_ENB3,UE_ENB3,RSRP_ENB3,SINR_ENB3,Load_ENB3,Handover_ENB3,Th_ENB4,Delay_ENB4,Loss_ENB4,UE_ENB4,RSRP_ENB4,SINR_ENB4,Load_ENB4,Handover_ENB4,Th_ENB5,Delay_ENB5,Loss_ENB5,UE_ENB5,RSRP_ENB5,SINR_ENB5,Load_ENB5,Handover_ENB5,Th_ENB6,Delay_ENB6,Loss_ENB6,UE_ENB6,RSRP_ENB6,SINR_ENB6,Load_ENB6,Handover_ENB6
1,0.0,0.0,0.0,0,0.0,0.0,0.0,0,0.0,0.0,0.0,0,0.0,0.0,0.0,0,0.0,0.0,0.0,0,0.0,0.0,0.0,0,0.0,0.0,0.0,0,0.0,0.0,0.0,0,0.0,0.0,0.0,0,0.0,0.0,0.0,0,0.0,0.0,0.0,0,0.0,0.0,0.0,0
2,2.14608,64.1813,15.0,3,-48.7782,51.2218,0.06,0,1.75053,121.882,30.6667,3,-46.9937,53.0063,0.06,0,2.79411,142.933,33.6,5,-51.9067,48.0933,0.1,0,2.40698,377.702,79.5714,14,-57.8165,42.1835,0.28,0,2.77728,465.09,87.3077,26,-54.2507,45.7493,0.52,0,3.18125,449.447,86.9655,29,-56.1978,43.8022,0.58,0
3,2.12083,68.5723,15.5,3,-49.3569,50.6431,0.06,0,1.80944,131.441,29.5,3,-47.7212,52.2788,0.06,0,2.86144,166.682,32.8,5,-52.0081,47.9919,0.1,0,2.4743,563.688,79.2857,14,-57.9426,42.0574,0.28,0,2.91194,749.122,87.0,26,-54.0694,45.9306,0.52,0,3.35798,769.42,86.6034,29,-56.0695,43.9305,0.58,0
4,2.01984,75.8118,17.0,3,-49.913,50.087,0.06,0,1.85994,132.926,28.4444,3,-48.3953,51.6047,0.06,0,2.83619,187.424,32.7333,5,-52.1093,47.8907,0.1,0,2.33965,651.182,79.5714,14,-58.0879,41.9121,0.28,0,2.8951,935.643,86.9231,26,-53.8879,46.1121,0.52,0,3.3664,928.039,86.4713,29,-56.0129,43.9871,0.58,0
5,1.83469,81.3825,19.5833,3,-50.4492,49.5508,0.06,0,1.86835,129.514,27.8333,3,-49.0294,50.9706,0.06,0,2.81094,195.446,32.85,5,-52.2096,47.7904,0.1,0,2.3649,708.65,79.6607,14,-58.2484,41.7516,0.28,0,3.03818,1048.64,86.7212,26,-53.7149,46.2851,0.52,0,3.28224,1015.24,86.4914,29,-55.9776,44.0224,0.58,0
6,1.8936,87.9148,20.6667,3,-50.9678,49.0322,0.06,0,1.85152,129.815,27.6,3,-49.6329,50.3671,0.06,0,2.8951,196.69,32.52,5,-52.3083,47.6917,0.1,0,2.28074,734.11,79.8571,14,-58.4195,41.5805,0.28,0,3.08026,1100.9,86.5615,26,-53.5699,46.4301,0.52,0,3.29066,1062.75,86.4966,29,-55.9344,44.0656,0.58,0
7,1.8431,92.7593,21.7222,3,-51.4706,48.5294,0.06,0,1.81786,132.647,27.6667,3,-50.2124,49.7876,0.06,0,2.92035,193.97,32.2,5,-52.4048,47.5952,0.1,0,2.12925,763.164,80.2024,14,-58.5968,41.4032,0.28,0,3.16442,1145.07,86.391,26,-53.479,46.521,0.52,0,3.24858,1097.42,86.5287,29,-55.872,44.128,0.58,0
8,1.75053,95.6361,23.0,3,-51.9592,48.0408,0.06,0,1.77578,134.38,27.9524,3,-50.7724,49.2276,0.06,0,2.92877,192.016,31.9429,5,-52.4987,47.5013,0.1,0,2.12083,789.684,80.4592,14,-58.7765,41.2235,0.28,0,3.34115,1182.38,86.1538,26,-53.4498,46.5502,0.52,0,3.39165,1090.04,86.0051,28,-55.5528,44.4472,0.56,0
9,1.67478,96.136,24.3333,3,-52.4348,47.5652,0.06,0,1.75894,485.315,46.0625,4,-53.527,46.473,0.08,1,2.92877,90.8947,15.9062,4,-50.4652,49.5348,0.08,0,1.98618,800.432,80.7946,14,-58.9556,41.0444,0.28,0,3.32432,1191.49,85.9856,26,-53.4603,46.5397,0.52,0,3.48422,1115.51,85.9062,28,-55.4031,44.5969,0.56,0
10,1.6832,96.507,25.3333,3,-52.8986,47.1014,0.06,0,1.80944,393.078,46.0833,4,-53.7832,46.2168,0.08,0,2.81094,90.5105,15.9722,4,-50.465,49.535,0.08,0,1.97776,809.061,81.0635,14,-59.1321,40.8679,0.28,0,3.23174,1196.44,85.9017,26,-53.4819,46.5181,0.52,0,3.5263,1110.61,86.1494,29,-55.0966,44.9034,0.58,1
11,1.69162,96.8077,26.1,3,-53.3514,46.6486,0.06,0,1.83469,343.627,46.025,4,-54.0256,45.9744,0.08,0,2.63421,90.9892,16.55,4,-50.462,49.538,0.08,0,1.92726,817.048,81.3214,14,-59.2841,40.7159,0.28,0,3.14758,1195.35,85.8731,26,-53.4959,46.5041,0.52,0,3.67779,1127.33,86.0276,29,-54.7081,45.2919,0.58,0
12,1.65795,19.3761,0.272727,2,-49.8105,50.1895,0.04,0,1.78419,324.767,46.1136,4,-54.255,45.745,0.08,0,2.55846,91.8782,17.2273,4,-50.4557,49.5443,0.08,0,1.91885,784.741,81.4364,15,-59.2637,40.7363,0.3,1,3.24858,1191.24,85.8077,26,-53.4923,46.5077,0.52,0,3.56838,1141.4,85.9687,29,-53.9114,46.0886,0.58,0
13,1.69162,20.1794,0.208333,2,-50.2513,49.7487,0.04,0,1.83469,289.432,46.0625,4,-54.4717,45.5283,0.08,0,2.55846,92.6706,17.7917,4,-50.4455,49.5545,0.08,0,1.9441,784.933,81.7,15,-59.3974,40.6026,0.3,0,3.44214,1179.74,85.6795,26,-53.4425,46.5575,0.52,0,3.71146,1153.2,85.8707,29,-54.442,45.558,0.58,0
14,1.64954,21.7679,0.346154,2,-50.6831,49.3169,0.04,0,1.70845,259.094,46.3077,4,-54.676,45.324,0.08,0,2.55005,93.3812,18.2885,4,-50.431,49.569,0.08,0,1.99459,780.125,81.8923,15,-59.5355,40.4645,0.3,0,3.46739,1165.93,85.5621,26,-53.3541,46.6459,0.52,0,3.9471,1159.73,85.7135,29,-54.7905,45.2095,0.58,0
15,1.55696,23.416,0.857143,2,-51.546,48.454,0.04,0,1.53171,249.213,46.8929,4,-52.8277,47.1723,0.08,0,2.55846,94.0483,18.6964,4,-49.1984,50.8016,0.08,0,1.90202,733.769,81.0663,14,-59.7167,40.2833,0.28,0,3.49264,1158.9,85.8704,27,-53.5781,46.4219,0.54,1,3.97235,1157.8,85.5714,29,-54.8989,45.1011,0.58,0
16,0.908928,23.7479,3.86667,2,-51.546,48.454,0.04,0,2.27232,243.154,45.9333,4,-52.8277,47.1723,0.08,0,2.76045,94.4377,18.65,4,-49.1984,50.8016,0.08,0,2.03667,690.652,80.0872,13,-59.6007,40.3993,0.26,0,3.58522,1169.23,85.7605,27,-53.5781,46.4219,0.54,0,3.55997,1165.02,85.5609,29,-54.8989,45.1011,0.58,0
17,0.8416,23.8298,6.75,2,-52.4979,47.5021,0.04,0,2.06192,242.513,45.4844,4,-53.1734,46.8266,0.08,0,2.7352,94.9105,18.6562,4,-49.3452,50.6548,0.08,0,2.104,682.948,80.1298,13,-59.6238,40.3762,0.26,0,3.40848,1226.99,86.5237,29,-53.7503,46.2497,0.58,2,3.63571,1063.61,85.0402,28,-54.4072,45.5928,0.56,0
18,0.824768,24.0512,9.35294,2,-53.3918,46.6082,0.04,0,2.01142,242.765,45.1765,4,-53.5227,46.4773,0.08,0,2.6847,95.4107,18.75,4,-49.4841,50.5159,0.08,0,2.23024,671.28,79.1765,12,-59.448,40.552,0.24,0,3.37482,1188.54,86.3671,29,-53.1736,46.8264,0.58,1,3.70304,1071.99,85.3448,29,-54.2137,45.7863,0.58,1
19,0.858432,24.2772,11.5556,2,-54.2352,45.7648,0.04,0,1.93568,242.806,45.0278,4,-53.8748,46.1252,0.08,0,2.65104,95.8487,18.8889,4,-49.6301,50.3699,0.08,0,2.21341,662.185,79.1157,12,-59.4734,40.5266,0.24,0,3.3664,1184.06,86.3582,29,-53.0278,46.9722,0.58,0,3.7367,1076.29,85.3084,29,-53.881,46.119,0.58,0
20,0.8416,24.5213,13.5789,2,-55.0342,44.9658,0.04,0,2.07875,240.986,44.6711,4,-54.2289,45.7711,0.08,0,2.53322,96.3188,19.1974,4,-49.7972,50.2028,0.08,0,2.18816,655.564,79.0746,12,-59.5128,40.4872,0.24,0,3.45898,1193.19,86.3303,29,-52.9089,47.0911,0.58,0,3.93869,1082.31,85.2323,29,-53.5168,46.4832,0.58,0
21,0.824768,17.4512,0.15,1,-49.3017,50.6983,0.02,0,0.0,240.986,47.4375,4,-54.5843,45.4157,0.08,0,2.77728,96.9371,19.1125,4,-49.9981,50.0019,0.08,0,2.39856,561.887,73.625,12,-58.9918,41.0082,0.24,1,3.68621,1185.32,86.5317,30,-53.126,46.874,0.6,1,4.39315,1088.19,85.0707,29,-53.1055,46.8945,0.58,0
22,0.8416,18.3357,0.142857,1,-50.2818,49.7182,0.02,0,0.0,240.986,49.9405,4,-54.9403,45.0597,0.08,0,2.70154,97.3002,19.1429,4,-50.2418,49.7582,0.08,0,2.42381,555.403,73.7381,12,-59.0491,40.9509,0.24,0,3.80403,1173.47,86.4556,30,-53.1186,46.8814,0.6,0,4.4689,1088.91,84.9097,29,-52.6029,47.3971,0.58,0
23,0.8416,19.1397,0.136364,1,-51.207,48.793,0.02,0,0.0,0.0,0.0,0,0.0,0.0,0.0,0,2.55846,98.118,19.3636,4,-50.5329,49.4671,0.08,0,2.24707,549.396,73.9205,12,-59.1146,40.8854,0.24,0,3.66096,1051.64,82.389,34,-53.7806,46.2194,0.68,4,4.70454,1090.45,84.7194,29,-51.8067,48.1933,0.58,0
24,0.8416,19.8737,0.130435,1,-52.0829,47.9171,0.02,0,0.0,0.0,0.0,0,0.0,0.0,0.0,0,2.58371,98.9909,19.5326,4,-50.8706,49.1294,0.08,0,2.23024,544.687,74.0942,12,-59.1862,40.8138,0.24,0,3.66096,1045.91,82.5985,34,-53.7034,46.2966,0.68,0,4.62038,1087.3,84.5607,29,-51.5425,48.4575,0.58,0
25,0.8416,20.5465,0.125,1,-52.9145,47.0855,0.02,0,0.0,0.0,0.0,0,0.0,0.0,0.0,0,2.53322,99.6313,19.75,4,-51.2502,48.7498,0.08,0,2.18816,540.091,74.2708,12,-59.262,40.738,0.24,0,3.81245,1059.64,83.1607,35,-53.4817,46.5183,0.7,1,4.72979,1056.99,83.9643,28,-51.751,48.249,0.56,0
26,0.8416,21.1654,0.12,1,-53.7061,46.2939,0.02,0,0.0,0.0,0.0,0,0.0,0.0,0.0,0,0.008416,99.6794,22.95,4,-51.6639,48.3361,0.08,0,2.27232,584.223,75.8923,13,-58.9028,41.0972,0.26,1,4.21642,1041.8,82.9518,34,-53.0326,46.9674,0.68,0,5.55456,1048.95,83.6629,28,-52.0737,47.9263,0.56,0
27,0.8416,21.7366,0.115385,1,-54.4612,45.5388,0.02,0,0.0,0.0,0.0,0,0.0,0.0,0.0,0,0.0,99.6794,25.9135,4,-52.1033,47.8967,0.08,0,2.3649,569.807,75.9882,13,-58.9353,41.0647,0.26,0,4.44365,1023.72,83.0102,34,-52.7693,47.2307,0.68,0,5.57981,1038.82,83.3805,28,-52.3762,47.6238,0.56,0
28,0.8416,22.2655,0.111111,1,-55.1832,44.8168,0.02,0,0.0,0.0,0.0,0,0.0,0.0,0.0,0,0.0,0.0,0.0,0,0.0,0.0,0.0,0,2.28915,558.863,76.1026,13,-58.9647,41.0353,0.26,0,4.64563,1006.67,83.0381,34,-52.4434,47.5566,0.68,0,5.57981,914.873,76.3113,32,-53.3531,46.6469,0.64,4
29,0.8416,22.7565,0.107143,1,-55.8747,44.1253,0.02,0,0.0,0.0,0.0,0,0.0,0.0,0.0,0,0.0,0.0,0.0,0,0.0,0.0,0.0,0,2.29757,550.454,76.206,13,-58.9359,41.0641,0.26,0,4.81395,991.237,83.0431,34,-52.0827,47.9173,0.68,0,5.60506,908.71,76.4141,32,-53.4962,46.5038,0.64,0
30,0.749024,23.5392,0.482759,1,-56.5383,43.4617,0.02,0,0.0,0.0,0.0,0,0.0,0.0,0.0,0,0.0,0.0,0.0,0,0.0,0.0,0.0,0,2.37331,542.438,76.2785,13,-58.931,41.069,0.26,0,5.01594,975.694,83.0233,34,-51.7918,48.2082,0.68,0,5.61347,903.02,76.5086,32,-53.5898,46.4102,0.64,0
31,0.875264,24.3284,0.333333,1,-57.176,42.824,0.02,0,0.0,0.0,0.0,0,0.0,0.0,0.0,0,0.0,0.0,0.0,0,0.0,0.0,0.0,0,2.3649,575.308,78.3667,12,-58.5361,41.4639,0.24,0,4.99069,993.266,82.9027,37,-51.5506,48.4494,0.74,3,5.7313,818.662,75.2544,30,-53.0513,46.9487,0.6,0
32,0.816352,25.4189,0.419355,1,-57.7899,42.2101,0.02,0,0.0,0.0,0.0,0,0.0,0.0,0.0,0,0.0,0.0,0.0,0,0.0,0.0,0.0,0,2.30598,569.482,78.328,12,-58.5419,41.4581,0.24,0,4.93178,1014.58,83.3353,38,-51.4761,48.5239,0.76,1,5.67238,752.14,74.5517,29,-52.6124,47.3876,0.58,0
33,0.563872,26.2866,1.4375,1,-58.3816,41.6184,0.02,0,0.0,0.0,0.0,0,0.0,0.0,0.0,0,0.0,0.0,0.0,0,0.0,0.0,0.0,0,2.55005,563.414,78.2161,12,-58.5488,41.4512,0.24,0,4.72979,996.72,83.3939,38,-51.7026,48.2974,0.76,0,5.73971,711.072,73.8717,28,-52.1855,47.8145,0.56,0
34,0.0,26.2866,4.42424,1,-58.9526,41.0474,0.02,0,0.0,0.0,0.0,0,0.0,0.0,0.0,0,0.0,0.0,0.0,0,0.0,0.0,0.0,0,2.61738,557.556,78.0909,12,-58.5557,41.4443,0.24,0,4.70454,998.893,83.7599,39,-51.8151,48.1849,0.78,1,5.8407,704.545,73.9123,28,-52.0302,47.9698,0.56,0
35,0.0,26.2866,7.23529,1,-59.5045,40.4955,0.02,0,0.0,0.0,0.0,0,0.0,0.0,0.0,0,0.0,0.0,0.0,0,0.0,0.0,0.0,0,2.70154,561.133,76.1853,10,-58.1336,41.8664,0.2,0,4.78029,962.534,83.9534,41,-51.851,48.149,0.82,2,6.11002,698.139,73.917,28,-51.852,48.148,0.56,0
36,0.0,26.2866,9.88571,1,-60.0383,39.9617,0.02,0,0.0,0.0,0.0,0,0.0,0.0,0.0,0,0.0,0.0,0.0,0,0.0,0.0,0.0,0,2.64262,555.957,75.9686,10,-58.1023,41.8977,0.2,0,4.68771,952.517,84.0237,41,-51.8516,48.1484,0.82,0,6.19418,691.921,73.9112,28,-51.6475,48.3525,0.56,0
37,0.0,26.2866,12.3889,1,-60.5553,39.4447,0.02,0,0.0,0.0,0.0,0,0.0,0.0,0.0,0,0.0,0.0,0.0,0,0.0,0.0,0.0,0,2.54163,552.288,75.7972,10,-58.0691,41.9309,0.2,0,4.72138,943.301,84.0874,41,-51.8062,48.1938,0.82,0,6.25309,686.074,73.8988,28,-51.4129,48.5871,0.56,0
38,0.0,0.0,0.0,0,0.0,0.0,0.0,0,0.0,0.0,0.0,0,0.0,0.0,0.0,0,0.0,0.0,0.0,0,0.0,0.0,0.0,0,2.81936,501.871,70.0197,11,-57.2372,42.7628,0.22,1,4.65405,945.557,84.4112,42,-51.6891,48.3109,0.84,1,6.19418,654.469,73.1121,27,-50.8284,49.1716,0.54,0
39,0.0,0.0,0.0,0,0.0,0.0,0.0,0,0.0,0.0,0.0,0,0.0,0.0,0.0,0,0.0,0.0,0.0,0,0.0,0.0,0.0,0,3.12234,518.959,71.5526,12,-56.6902,43.3098,0.24,1,4.69613,942.652,84.3492,41,-51.3599,48.6401,0.82,0,6.22784,649.623,73.0984,27,-50.6964,49.3036,0.54,0
40,0.0,0.0,0.0,0,0.0,0.0,0.0,0,0.0,0.0,0.0,0,0.0,0.0,0.0,0,0.0,0.0,0.0,0,0.0,0.0,0.0,0,3.09709,515.171,71.4957,12,-56.637,43.363,0.24,0,4.74662,935.946,84.3977,41,-51.189,48.811,0.82,0,6.20259,644.898,73.0883,27,-50.8419,49.1581,0.54,0
41,0.0,0.0,0.0,0,0.0,0.0,0.0,0,0.0,0.0,0.0,0,0.0,0.0,0.0,0,0.0,0.0,0.0,0,0.0,0.0,0.0,0,3.156,511.723,71.4271,12,-56.6003,43.3997,0.24,0,4.79712,930.131,84.4402,41,-50.9587,49.0413,0.82,0,6.32883,641.044,73.0648,27,-51.0816,48.9184,0.54,0
42,0.0,0.0,0.0,0,0.0,0.0,0.0,0,0.0,0.0,0.0,0,0.0,0.0,0.0,0,0.0,0.0,0.0,0,0.0,0.0,0.0,0,3.09709,508.882,71.376,12,-56.5842,43.4158,0.24,0,4.68771,924.518,84.4884,41,-50.861,49.139,0.82,0,6.37091,636.879,73.0379,27,-51.3139,48.6861,0.54,0
43,0.0,0.0,0.0,0,0.0,0.0,0.0,0,0.0,0.0,0.0,0,0.0,0.0,0.0,0,0.0,0.0,0.0,0,0.0,0.0,0.0,0,3.12234,507.412,71.3214,12,-56.5908,43.4092,0.24,0,4.68771,919.737,84.5343,41,-51.1187,48.8813,0.82,0,6.48032,632.128,73.0009,27,-51.5385,48.4615,0.54,0
44,0.0,0.0,0.0,0,0.0,0.0,0.0,0,0.0,0.0,0.0,0,0.0,0.0,0.0,0,0.0,0.0,0.0,0,0.0,0.0,0.0,0,2.92877,506.453,71.314,12,-56.6195,43.3805,0.24,0,4.63722,915.168,84.5814,41,-51.3545,48.6455,0.82,0,6.45507,627.654,72.9681,27,-51.767,48.233,0.54,0
45,0.193568,304.185,68.4545,1,-49.7047,50.2953,0.02,1,0.0,0.0,0.0,0,0.0,0.0,0.0,0,0.0,0.0,0.0,0,0.0,0.0,0.0,0,2.81094,523.778,71.5475,11,-56.2397,43.7603,0.22,0,4.63722,907.941,84.7652,42,-51.5143,48.4857,0.84,1,6.30358,618.251,72.2788,26,-51.6689,48.3311,0.52,0
46,0.850016,285.547,66.9111,1,-48.5596,51.4404,0.02,0,0.0,0.0,0.0,0,0.0,0.0,0.0,0,0.0,0.0,0.0,0,0.0,0.0,0.0,0,2.97926,522.111,71.4646,11,-56.2693,43.7307,0.22,0,5.72288,897.789,84.7439,42,-51.6763,48.3237,0.84,0,1.04358,617.839,72.7889,26,-51.9582,48.0418,0.52,0
47,0.8416,269.402,65.4565,1,-47.3282,52.6718,0.02,0,0.0,0.0,0.0,0,0.0,0.0,0.0,0,0.0,0.0,0.0,0,0.0,0.0,0.0,0,3.17283,517.958,71.3399,11,-56.3113,43.6887,0.22,0,5.67238,901.416,84.9848,43,-51.8359,48.1641,0.86,1,0.875264,576.725,72.3922,25,-51.8968,48.1032,0.5,0
48,0.8416,255.169,64.0638,1,-45.9964,54.0036,0.02,0,0.0,0.0,0.0,0,0.0,0.0,0.0,0,0.0,0.0,0.0,0,0.0,0.0,0.0,0,3.14758,513.661,71.2263,11,-56.3637,43.6363,0.22,0,5.51248,798.987,81.7038,65,-57.3778,42.6222,1.3,22,0.749024,235.525,55.3333,3,-33.3403,66.6597,0.06,0
49,0.8416,242.527,62.7292,1,-44.5464,55.4536,0.02,0,0.0,0.0,0.0,0,0.0,0.0,0.0,0,0.0,0.0,0.0,0,0.0,0.0,0.0,0,3.04659,510.931,71.1402,11,-56.4272,43.5728,0.22,0,5.6303,791.511,81.8705,65,-57.4382,42.5618,1.3,0,0.723776,232.352,55.6667,3,-34.7152,65.2848,0.06,0
50,0.8416,231.223,61.449,1,-44.2115,55.7885,0.02,0,0.0,0.0,0.0,0,0.0,0.0,0.0,0,0.0,0.0,0.0,0,0.0,0.0,0.0,0,3.01293,512.672,69.9082,10,-56.0775,43.9225,0.2,0,5.40307,770.901,81.4133,67,-57.5011,42.4989,1.34,2,0.353472,270.861,64.6633,2,-34.4422,65.5578,0.04,0
51,0.8416,221.056,60.22,1,-45.0953,54.9047,0.02,0,0.0,0.0,0.0,0,0.0,0.0,0.0,0,0.0,0.0,0.0,0,0.0,0.0,0.0,0,2.97085,511.429,69.804,10,-56.164,43.836,0.2,0,5.36941,757.88,81.3341,68,-57.6475,42.3525,1.36,1,0.016832,291.797,66.82,1,-35.4476,64.5524,0.02,0
52,0.8416,211.862,59.0392,1,-46.1644,53.8356,0.02,0,0.0,0.0,0.0,0,0.0,0.0,0.0,0,0.0,0.0,0.0,0,0.0,0.0,0.0,0,2.92035,509.926,69.7157,10,-56.2819,43.7181,0.2,0,5.26842,753.115,81.5196,68,-57.6764,42.3236,1.36,0,0.0,291.797,67.4706,1,-37.1745,62.8255,0.02,0
53,0.8416,203.508,57.9038,1,-47.1709,52.8291,0.02,0,0.0,0.0,0.0,0,0.0,0.0,0.0,0,0.0,0.0,0.0,0,0.0,0.0,0.0,0,3.03818,485.979,67.4893,9,-56.0543,43.9457,0.18,0,5.22634,742.041,81.5022,69,-57.7995,42.2005,1.38,1,0.0,0.0,0.0,0,0.0,0.0,0.0,0
54,0.8416,195.885,56.8113,1,-48.1214,51.8786,0.02,0,0.0,0.0,0.0,0,0.0,0.0,0.0,0,0.0,0.0,0.0,0,0.0,0.0,0.0,0,3.02134,483.555,67.3501,9,-56.254,43.746,0.18,0,5.20109,737.607,81.7846,70,-57.7417,42.2583,1.4,1,0.0,0.0,0.0,0,0.0,0.0,0.0,0
55,0.8416,188.899,55.7593,1,-49.0215,50.9785,0.02,0,0.0,0.0,0.0,0,0.0,0.0,0.0,0,0.0,0.0,0.0,0,0.0,0.0,0.0,0,3.04659,481.266,67.2099,9,-56.4912,43.5088,0.18,0,5.18426,733.867,81.959,70,-57.7814,42.2186,1.4,0,0.0,0.0,0.0,0,0.0,0.0,0.0,0
56,0.833184,182.562,54.7636,1,-49.8762,50.1238,0.02,0,0.0,0.0,0.0,0,0.0,0.0,0.0,0,0.0,0.0,0.0,0,0.0,0.0,0.0,0,2.87827,480.24,67.1152,9,-56.7569,43.2431,0.18,0,5.16742,730.7,82.1275,70,-57.8035,42.1965,1.4,0,0.0,0.0,0.0,0,0.0,0.0,0.0,0
57,0.8416,176.88,53.7857,1,-50.6896,49.3104,0.02,0,0.0,0.0,0.0,0,0.0,0.0,0.0,0,0.0,0.0,0.0,0,0.0,0.0,0.0,0,2.87827,479.197,67.0238,9,-57.041,42.959,0.18,0,5.20109,727.609,82.289,70,-57.8161,42.1839,1.4,0,0.0,0.0,0.0,0,0.0,0.0,0.0,0
58,0.8416,171.639,52.8421,1,-51.4655,48.5345,0.02,0,0.0,0.0,0.0,0,0.0,0.0,0.0,0,0.0,0.0,0.0,0,0.0,0.0,0.0,0,2.90352,477.783,66.9298,9,-57.3349,42.6651,0.18,0,5.15059,724.864,82.4464,70,-57.8238,42.1762,1.4,0,0.0,0.0,0.0,0,0.0,0.0,0.0,0
59,0.8416,166.774,51.931,1,-52.207,47.793,0.02,0,0.0,0.0,0.0,0,0.0,0.0,0.0,0,0.0,0.0,0.0,0,0.0,0.0,0.0,0,2.84461,476.76,66.8525,9,-57.6321,42.3679,0.18,0,5.13376,722.298,82.5988,70,-57.8262,42.1738,1.4,0,0.0,0.0,0.0,0,0.0,0.0,0.0,0
60,0.8416,162.245,51.0508,1,-52.9171,47.0829,0.02,0,0.0,0.0,0.0,0,0.0,0.0,0.0,0,0.0,0.0,0.0,0,0.0,0.0,0.0,0,2.85302,371.307,63.2097,8,-56.3132,43.6868,0.16,0,5.18426,728.249,82.9215,71,-57.8806,42.1194,1.42,1,0.0,0.0,0.0,0,0.0,0.0,0.0,0
61,0.0,162.245,51.8667,1,-53.5981,46.4019,0.02,0,0.0,0.0,0.0,0,0.0,0.0,0.0,0,0.0,0.0,0.0,0,0.0,0.0,0.0,0,2.97926,369.829,63.0854,8,-56.6384,43.3616,0.16,0,5.82387,725.024,83.0437,71,-57.8746,42.1254,1.42,0,0.0,0.0,0.0,0,0.0,0.0,0.0,0
62,0.0,162.245,52.6557,1,-54.2524,45.7476,0.02,0,0.0,0.0,0.0,0,0.0,0.0,0.0,0,0.0,0.0,0.0,0,0.0,0.0,0.0,0,3.13917,367.297,62.9262,8,-56.9579,43.0421,0.16,0,5.77338,721.844,83.1632,71,-57.8667,42.1333,1.42,0,0.0,0.0,0.0,0,0.0,0.0,0.0,0
63,0.0,0.0,0.0,0,0.0,0.0,0.0,0,0.0,0.0,0.0,0,0.0,0.0,0.0,0,0.0,0.0,0.0,0,0.0,0.0,0.0,0,3.21491,342.176,61.7168,9,-57.5661,42.4339,0.18,1,5.6808,718.942,83.2815,71,-57.859,42.141,1.42,0,0.0,0.0,0.0,0,0.0,0.0,0.0,0
64,0.0,0.0,0.0,0,0.0,0.0,0.0,0,0.0,0.0,0.0,0,0.0,0.0,0.0,0,0.0,0.0,0.0,0,0.0,0.0,0.0,0,3.3159,340.627,61.6296,9,-57.8147,42.1853,0.18,0,5.59664,716.398,83.3982,71,-57.8513,42.1487,1.42,0,0.0,0.0,0.0,0,0.0,0.0,0.0,0
65,0.0,0.0,0.0,0,0.0,0.0,0.0,0,0.0,0.0,0.0,0,0.0,0.0,0.0,0,0.0,0.0,0.0,0,0.0,0.0,0.0,0,3.32432,308.061,58.4004,8,-57.4624,42.5376,0.16,0,5.55456,712.264,83.5564,72,-57.9016,42.0984,1.44,1,0.0,0.0,0.0,0,0.0,0.0,0.0,0
66,0.0,0.0,0.0,0,0.0,0.0,0.0,0,0.0,0.0,0.0,0,0.0,0.0,0.0,0,0.0,0.0,0.0,0,0.0,0.0,0.0,0,3.26541,250.776,54.0549,7,-56.3348,43.6652,0.14,0,5.42832,710.112,83.7305,73,-57.8166,42.1834,1.46,1,0.0,0.0,0.0,0,0.0,0.0,0.0,0
67,0.0,0.0,0.0,0,0.0,0.0,0.0,0,0.0,0.0,0.0,0,0.0,0.0,0.0,0,0.0,0.0,0.0,0,0.0,0.0,0.0,0,3.26541,249.092,53.9113,7,-56.5956,43.4044,0.14,0,5.45357,708.257,83.8425,73,-57.7525,42.2475,1.46,0,0.0,0.0,0.0,0,0.0,0.0,0.0,0
68,0.0,0.0,0.0,0,0.0,0.0,0.0,0,0.0,0.0,0.0,0,0.0,0.0,0.0,0,0.0,0.0,0.0,0,0.0,0.0,0.0,0,3.16442,247.846,53.7974,7,-56.8563,43.1437,0.14,0,5.59664,706.341,83.9477,73,-57.6982,42.3018,1.46,0,0.0,0.0,0.0,0,0.0,0.0,0.0,0
69,0.0,0.0,0.0,0,0.0,0.0,0.0,0,0.0,0.0,0.0,0,0.0,0.0,0.0,0,0.0,0.0,0.0,0,0.0,0.0,0.0,0,2.97926,246.824,53.7332,7,-57.1158,42.8842,0.14,0,5.5209,704.596,84.0516,73,-57.6538,42.3462,1.46,0,0.0,0.0,0.0,0,0.0,0.0,0.0,0
70,0.0,0.0,0.0,0,0.0,0.0,0.0,0,0.0,0.0,0.0,0,0.0,0.0,0.0,0,0.0,0.0,0.0,0,0.0,0.0,0.0,0,3.11392,245.73,53.6377,7,-57.3734,42.6266,0.14,0,5.47882,703.058,84.1535,73,-57.6187,42.3813,1.46,0,0.0,0.0,0.0,0,0.0,0.0,0.0,0
71,0.0,0.0,0.0,0,0.0,0.0,0.0,0,0.0,0.0,0.0,0,0.0,0.0,0.0,0,0.0,0.0,0.0,0,0.0,0.0,0.0,0,3.18966,244.299,53.5265,7,-57.6285,42.3715,0.14,0,5.57139,701.502,84.2503,73,-57.5858,42.4142,1.46,0,0.0,0.0,0.0,0,0.0,0.0,0.0,0
72,0.0,0.0,0.0,0,0.0,0.0,0.0,0,0.0,0.0,0.0,0,0.0,0.0,0.0,0,0.0,0.0,0.0,0,0.0,0.0,0.0,0,3.03818,243.228,53.4547,7,-57.8807,42.1193,0.14,0,5.67238,699.936,84.3421,73,-57.5561,42.4439,1.46,0,0.0,0.0,0.0,0,0.0,0.0,0.0,0
73,0.0,0.0,0.0,0,0.0,0.0,0.0,0,0.0,0.0,0.0,0,0.0,0.0,0.0,0,0.0,0.0,0.0,0,0.0,0.0,0.0,0,3.07184,241.961,53.377,7,-58.1295,41.8705,0.14,0,5.65555,698.342,84.4317,73,-57.5306,42.4694,1.46,0,0.0,0.0,0.0,0,0.0,0.0,0.0,0
74,0.0,0.0,0.0,0,0.0,0.0,0.0,0,0.0,0.0,0.0,0,0.0,0.0,0.0,0,0.0,0.0,0.0,0,0.0,0.0,0.0,0,3.2065,294.894,57.7483,8,-57.2677,42.7323,0.16,1,5.73971,694.824,84.4534,72,-57.4423,42.5577,1.44,0,0.0,0.0,0.0,0,0.0,0.0,0.0,0
75,0.0,0.0,0.0,0,0.0,0.0,0.0,0,0.0,0.0,0.0,0,0.0,0.0,0.0,0,0.0,0.0,0.0,0,0.0,0.0,0.0,0,3.39165,286.206,57.6385,8,-57.3556,42.6444,0.16,0,5.7313,691.891,84.5357,72,-57.4172,42.5828,1.44,0,0.0,0.0,0.0,0,0.0,0.0,0.0,0
76,0.0,0.0,0.0,0,0.0,0.0,0.0,0,0.0,0.0,0.0,0,0.0,0.0,0.0,0,0.0,0.0,0.0,0,0.0,0.0,0.0,0,3.22333,274.853,53.1533,6,-56.2416,43.7584,0.12,0,5.76496,683.507,84.3923,73,-57.3053,42.6947,1.46,1,0.0,0.0,0.0,0,0.0,0.0,0.0,0
77,0.0,0.0,0.0,0,0.0,0.0,0.0,0,0.0,0.0,0.0,0,0.0,0.0,0.0,0,0.0,0.0,0.0,0,0.0,0.0,0.0,0,3.12234,267.082,52.9561,6,-56.2475,43.7525,0.12,0,5.93328,676.25,84.3236,74,-57.162,42.838,1.48,1,0.0,0.0,0.0,0,0.0,0.0,0.0,0
78,0.0,0.0,0.0,0,0.0,0.0,0.0,0,0.0,0.0,0.0,0,0.0,0.0,0.0,0,0.0,0.0,0.0,0,0.0,0.0,0.0,0,3.08026,260.452,52.7749,6,-56.236,43.764,0.12,0,5.88278,674.138,84.4045,74,-57.1413,42.8587,1.48,0,0.0,0.0,0.0,0,0.0,0.0,0.0,0
79,0.0,0.0,0.0,0,0.0,0.0,0.0,0,0.0,0.0,0.0,0,0.0,0.0,0.0,0,0.0,0.0,0.0,0,0.0,0.0,0.0,0,3.04659,254.831,52.6068,6,-56.2051,43.7949,0.12,0,5.86595,672.252,84.4837,74,-57.1392,42.8608,1.48,0,0.0,0.0,0.0,0,0.0,0.0,0.0,0
80,0.0,0.0,0.0,0,0.0,0.0,0.0,0,0.0,0.0,0.0,0,0.0,0.0,0.0,0,0.0,0.0,0.0,0,0.0,0.0,0.0,0,3.29066,249.356,52.3819,6,-56.152,43.848,0.12,0,5.9417,670.449,84.5594,74,-57.1581,42.8419,1.48,0,0.0,0.0,0.0,0,0.0,0.0,0.0,0
81,0.0,0.0,0.0,0,0.0,0.0,0.0,0,0.0,0.0,0.0,0,0.0,0.0,0.0,0,0.0,0.0,0.0,0,0.0,0.0,0.0,0,3.29907,244.498,52.1604,6,-56.0736,43.9264,0.12,0,5.99219,668.674,84.6321,74,-57.1915,42.8085,1.48,0,0.0,0.0,0.0,0,0.0,0.0,0.0,0
82,0.0,0.0,0.0,0,0.0,0.0,0.0,0,0.0,0.0,0.0,0,0.0,0.0,0.0,0,0.0,0.0,0.0,0,0.0,0.0,0.0,0,3.29066,222.251,48.0148,5,-54.8609,45.1391,0.1,0,5.96694,662.61,84.5289,75,-57.1132,42.8868,1.5,1,0.0,0.0,0.0,0,0.0,0.0,0.0,0
83,0.0,0.0,0.0,0,0.0,0.0,0.0,0,0.0,0.0,0.0,0,0.0,0.0,0.0,0,0.0,0.0,0.0,0,0.0,0.0,0.0,0,3.07184,217.575,47.7585,5,-54.9864,45.0136,0.1,0,5.87437,661.246,84.6041,75,-57.1418,42.8582,1.5,0,0.0,0.0,0.0,0,0.0,0.0,0.0,0
84,0.0,0.0,0.0,0,0.0,0.0,0.0,0,0.0,0.0,0.0,0,0.0,0.0,0.0,0,0.0,0.0,0.0,0,0.0,0.0,0.0,0,3.02134,213.41,47.5229,5,-55.3712,44.6288,0.1,0,5.8912,660.017,84.6771,75,-57.1721,42.8279,1.5,0,0.0,0.0,0.0,0,0.0,0.0,0.0,0
85,0.0,0.0,0.0,0,0.0,0.0,0.0,0,0.0,0.0,0.0,0,0.0,0.0,0.0,0,0.0,0.0,0.0,0,0.0,0.0,0.0,0,3.02976,209.622,47.2905,5,-54.7046,45.2954,0.1,0,5.84912,658.935,84.7492,75,-57.7133,42.2867,1.5,0,0.0,0.0,0.0,0,0.0,0.0,0.0,0
86,0.0,0.0,0.0,0,0.0,0.0,0.0,0,0.0,0.0,0.0,0,0.0,0.0,0.0,0,0.0,0.0,0.0,0,0.0,0.0,0.0,0,3.18966,205.572,47.0188,5,-54.7046,45.2954,0.1,0,5.57981,657.945,84.8246,75,-57.7133,42.2867,1.5,0,0.0,0.0,0.0,0,0.0,0.0,0.0,0
87,0.0,0.0,0.0,0,0.0,0.0,0.0,0,0.0,0.0,0.0,0,0.0,0.0,0.0,0,0.0,0.0,0.0,0,0.0,0.0,0.0,0,3.08026,201.839,46.7837,5,-55.1466,44.8534,0.1,0,5.4704,657.039,84.9003,75,-57.7304,42.2696,1.5,0,0.0,0.0,0.0,0,0.0,0.0,0.0,0
88,0.0,0.0,0.0,0,0.0,0.0,0.0,0,0.0,0.0,0.0,0,0.0,0.0,0.0,0,0.0,0.0,0.0,0,0.0,0.0,0.0,0,3.01293,261.129,52.8333,6,-55.1048,44.8952,0.12,1,5.34416,657.449,84.9879,74,-57.7261,42.2739,1.48,0,0.0,0.0,0.0,0,0.0,0.0,0.0,0
89,0.0,0.0,0.0,0,0.0,0.0,0.0,0,0.0,0.0,0.0,0,0.0,0.0,0.0,0,0.0,0.0,0.0,0,0.0,0.0,0.0,0,2.9961,256.176,52.6951,6,-55.5817,44.4183,0.12,0,5.35258,656.944,85.0608,74,-57.7729,42.2271,1.48,0,0.0,0.0,0.0,0,0.0,0.0,0.0,0
90,0.0,0.0,0.0,0,0.0,0.0,0.0,0,0.0,0.0,0.0,0,0.0,0.0,0.0,0,0.0,0.0,0.0,0,0.0,0.0,0.0,0,2.92877,251.629,52.5749,6,-57.2449,42.7551,0.12,0,5.25158,656.481,85.1339,74,-58.0732,41.9268,1.48,0,0.0,0.0,0.0,0,0.0,0.0,0.0,0
91,0.0,0.0,0.0,0,0.0,0.0,0.0,0,0.0,0.0,0.0,0,0.0,0.0,0.0,0,0.0,0.0,0.0,0,0.0,0.0,0.0,0,2.65104,247.491,52.5185,6,-57.2449,42.7551,0.12,0,5.09168,655.872,85.2083,74,-58.0732,41.9268,1.48,0,0.0,0.0,0.0,0,0.0,0.0,0.0,0
92,0.0,0.0,0.0,0,0.0,0.0,0.0,0,0.0,0.0,0.0,0,0.0,0.0,0.0,0,0.0,0.0,0.0,0,0.0,0.0,0.0,0,2.64262,243.836,52.4652,6,-57.2068,42.7932,0.12,0,5.23475,655.308,85.2784,74,-57.8363,42.1637,1.48,0,0.0,0.0,0.0,0,0.0,0.0,0.0,0
93,0.0,0.0,0.0,0,0.0,0.0,0.0,0,0.0,0.0,0.0,0,0.0,0.0,0.0,0,0.0,0.0,0.0,0,0.0,0.0,0.0,0,2.58371,240.35,52.4257,6,-57.1668,42.8332,0.12,0,5.28525,654.757,85.3462,74,-57.5979,42.4021,1.48,0,0.0,0.0,0.0,0,0.0,0.0,0.0,0
94,0.0,0.0,0.0,0,0.0,0.0,0.0,0,0.0,0.0,0.0,0,0.0,0.0,0.0,0,0.0,0.0,0.0,0,0.0,0.0,0.0,0,2.62579,237.189,52.3781,6,-57.1256,42.8744,0.12,0,5.28525,654.156,85.4125,74,-57.3582,42.6418,1.48,0,0.0,0.0,0.0,0,0.0,0.0,0.0,0
95,0.0,0.0,0.0,0,0.0,0.0,0.0,0,0.0,0.0,0.0,0,0.0,0.0,0.0,0,0.0,0.0,0.0,0,0.0,0.0,0.0,0,2.43222,234.599,52.3723,6,-57.0844,42.9156,0.12,0,5.34416,653.687,85.4764,74,-57.1158,42.8842,1.48,0,0.0,0.0,0.0,0,0.0,0.0,0.0,0
96,0.0,0.0,0.0,0,0.0,0.0,0.0,0,0.0,0.0,0.0,0,0.0,0.0,0.0,0,0.0,0.0,0.0,0,0.0,0.0,0.0,0,2.33965,232.483,52.386,6,-57.0449,42.9551,0.12,0,5.42832,653.228,85.5376,74,-56.8679,43.1321,1.48,0,0.0,0.0,0.0,0,0.0,0.0,0.0,0
97,0.0,0.0,0.0,0,0.0,0.0,0.0,0,0.0,0.0,0.0,0,0.0,0.0,0.0,0,0.0,0.0,0.0,0,0.0,0.0,0.0,0,2.40698,230.374,52.3854,6,-57.0089,42.9911,0.12,0,5.51248,652.754,85.596,74,-56.619,43.381,1.48,0,0.0,0.0,0.0,0,0.0,0.0,0.0,0
98,0.0,0.0,0.0,0,0.0,0.0,0.0,0,0.0,0.0,0.0,0,0.0,0.0,0.0,0,0.0,0.0,0.0,0,0.0,0.0,0.0,0,2.35648,228.307,52.3952,6,-56.9784,43.0216,0.12,0,5.57139,652.201,85.6523,74,-56.3787,43.6213,1.48,0,0.0,0.0,0.0,0,0.0,0.0,0.0,0
99,0.0,0.0,0.0,0,0.0,0.0,0.0,0,0.0,0.0,0.0,0,0.0,0.0,0.0,0,0.0,0.0,0.0,0,0.0,0.0,0.0,0,2.39856,226.393,52.3963,6,-56.9559,43.0441,0.12,0,5.65555,651.642,85.706,74,-56.1544,43.8456,1.48,0,0.0,0.0,0.0,0,0.0,0.0,0.0,0
100,0.0,0.0,0.0,0,0.0,0.0,0.0,0,0.0,0.0,0.0,0,0.0,0.0,0.0,0,0.0,0.0,0.0,0,0.0,0.0,0.0,0,2.40698,224.783,52.3956,6,-56.3981,43.6019,0.12,0,5.6808,651.084,85.7583,74,-55.3227,44.6773,1.48,0,0.0,0.0,0.0,0,0.0,0.0,0.0,0
101,0.0,0.0,0.0,0,0.0,0.0,0.0,0,0.0,0.0,0.0,0,0.0,0.0,0.0,0,0.0,0.0,0.0,0,0.0,0.0,0.0,0,2.72678,222.576,52.3317,6,-56.3981,43.6019,0.12,0,5.84912,650.345,85.8068,74,-55.3227,44.6773,1.48,0,0.0,0.0,0.0,0,0.0,0.0,0.0,0
102,0.0,0.0,0.0,0,0.0,0.0,0.0,0,0.0,0.0,0.0,0,0.0,0.0,0.0,0,0.0,0.0,0.0,0,0.0,0.0,0.0,0,2.70995,220.476,52.2723,6,-56.4497,43.5503,0.12,0,5.80704,649.665,85.855,74,-55.3767,44.6233,1.48,0,0.0,0.0,0.0,0,0.0,0.0,0.0,0
103,0.0,0.0,0.0,0,0.0,0.0,0.0,0,0.0,0.0,0.0,0,0.0,0.0,0.0,0,0.0,0.0,0.0,0,0.0,0.0,0.0,0,2.60896,219.111,52.2337,6,-56.5021,43.4979,0.12,0,5.72288,649.058,85.9036,74,-55.5191,44.4809,1.48,0,0.0,0.0,0.0,0,0.0,0.0,0.0,0
104,0.0,0.0,0.0,0,0.0,0.0,0.0,0,0.0,0.0,0.0,0,0.0,0.0,0.0,0,0.0,0.0,0.0,0,0.0,0.0,0.0,0,2.61738,217.871,52.1942,6,-56.558,43.442,0.12,0,5.77338,648.537,85.9504,74,-55.6153,44.3847,1.48,0,0.0,0.0,0.0,0,0.0,0.0,0.0,0
105,0.0,0.0,0.0,0,0.0,0.0,0.0,0,0.0,0.0,0.0,0,0.0,0.0,0.0,0,0.0,0.0,0.0,0,0.0,0.0,0.0,0,2.60896,216.854,52.1571,6,-56.6199,43.3801,0.12,0,5.87437,647.997,85.9948,74,-55.6836,44.3164,1.48,0,0.0,0.0,0.0,0,0.0,0.0,0.0,0
106,0.0,0.0,0.0,0,0.0,0.0,0.0,0,0.0,0.0,0.0,0,0.0,0.0,0.0,0,0.0,0.0,0.0,0,0.0,0.0,0.0,0,2.81936,215.863,52.081,6,-56.6899,43.3101,0.12,0,5.91645,647.453,86.0377,74,-55.7337,44.2663,1.48,0,0.0,0.0,0.0,0,0.0,0.0,0.0,0
107,0.0,0.0,0.0,0,0.0,0.0,0.0,0,0.0,0.0,0.0,0,0.0,0.0,0.0,0,0.0,0.0,0.0,0,0.0,0.0,0.0,0,2.5753,215.466,52.0519,6,-56.7697,43.2303,0.12,0,5.89962,646.959,86.0801,74,-55.7696,44.2304,1.48,0,0.0,0.0,0.0,0,0.0,0.0,0.0,0
108,0.0,0.0,0.0,0,0.0,0.0,0.0,0,0.0,0.0,0.0,0,0.0,0.0,0.0,0,0.0,0.0,0.0,0,0.0,0.0,0.0,0,2.49114,215.248,52.0389,6,-56.8606,43.1394,0.12,0,5.85754,646.475,86.1223,74,-55.7928,44.2072,1.48,0,0.0,0.0,0.0,0,0.0,0.0,0.0,0
109,0.0,0.0,0.0,0,0.0,0.0,0.0,0,0.0,0.0,0.0,0,0.0,0.0,0.0,0,0.0,0.0,0.0,0,0.0,0.0,0.0,0,2.39856,215.264,52.0432,6,-56.9635,43.0365,0.12,0,5.89962,646.01,86.163,74,-55.8035,44.1965,1.48,0,0.0,0.0,0.0,0,0.0,0.0,0.0,0
110,0.0,0.0,0.0,0,0.0,0.0,0.0,0,0.0,0.0,0.0,0,0.0,0.0,0.0,0,0.0,0.0,0.0,0,0.0,0.0,0.0,0,2.37331,215.347,52.052,6,-56.8104,43.1896,0.12,0,5.93328,645.54,86.2026,74,-56.3489,43.6511,1.48,0,0.0,0.0,0.0,0,0.0,0.0,0.0,0
111,0.0,0.0,0.0,0,0.0,0.0,0.0,0,0.0,0.0,0.0,0,0.0,0.0,0.0,0,0.0,0.0,0.0,0,0.0,0.0,0.0,0,2.74362,214.851,51.9939,6,-56.8104,43.1896,0.12,0,5.53773,645.158,86.2472,74,-56.3489,43.6511,1.48,0,0.0,0.0,0.0,0,0.0,0.0,0.0,0
112,0.0,0.0,0.0,0,0.0,0.0,0.0,0,0.0,0.0,0.0,0,0.0,0.0,0.0,0,0.0,0.0,0.0,0,0.0,0.0,0.0,0,2.62579,214.398,51.958,6,-56.9127,43.0873,0.12,0,5.57981,644.859,86.2904,74,-56.2906,43.7094,1.48,0,0.0,0.0,0.0,0,0.0,0.0,0.0,0
113,0.0,0.0,0.0,0,0.0,0.0,0.0,0,0.0,0.0,0.0,0,0.0,0.0,0.0,0,0.0,0.0,0.0,0,0.0,0.0,0.0,0,2.42381,214.288,51.9583,6,-57.0131,42.9869,0.12,0,5.57981,644.581,86.3328,74,-56.2203,43.7797,1.48,0,0.0,0.0,0.0,0,0.0,0.0,0.0,0
114,0.0,0.0,0.0,0,0.0,0.0,0.0,0,0.0,0.0,0.0,0,0.0,0.0,0.0,0,0.0,0.0,0.0,0,0.0,0.0,0.0,0,2.39014,214.289,51.9646,6,-57.1118,42.8882,0.12,0,5.61347,644.231,86.374,74,-56.1416,43.8584,1.48,0,0.0,0.0,0.0,0,0.0,0.0,0.0,0
115,0.0,0.0,0.0,0,0.0,0.0,0.0,0,0.0,0.0,0.0,0,0.0,0.0,0.0,0,0.0,0.0,0.0,0,0.0,0.0,0.0,0,2.37331,214.238,51.9737,6,-56.5715,43.4285,0.12,0,5.68922,643.798,86.4133,74,-55.3,44.7,1.48,0,0.0,0.0,0.0,0,0.0,0.0,0.0,0
116,0.0,0.0,0.0,0,0.0,0.0,0.0,0,0.0,0.0,0.0,0,0.0,0.0,0.0,0,0.0,0.0,0.0,0,0.0,0.0,0.0,0,2.55846,214.535,51.9507,6,-56.5715,43.4285,0.12,0,6.13526,643.212,86.4458,74,-55.3,44.7,1.48,0,0.0,0.0,0.0,0,0.0,0.0,0.0,0
117,0.0,0.0,0.0,0,0.0,0.0,0.0,0,0.0,0.0,0.0,0,0.0,0.0,0.0,0,0.0,0.0,0.0,0,0.0,0.0,0.0,0,2.61738,214.644,51.9181,6,-56.857,43.143,0.12,0,6.11843,642.606,86.478,74,-55.2908,44.7092,1.48,0,0.0,0.0,0.0,0,0.0,0.0,0.0,0
118,0.0,0.0,0.0,0,0.0,0.0,0.0,0,0.0,0.0,0.0,0,0.0,0.0,0.0,0,0.0,0.0,0.0,0,0.0,0.0,0.0,0,2.44064,214.723,51.916,6,-57.1367,42.8633,0.12,0,6.13526,642.041,86.5094,74,-55.2826,44.7174,1.48,0,0.0,0.0,0.0,0,0.0,0.0,0.0,0
119,0.0,0.0,0.0,0,0.0,0.0,0.0,0,0.0,0.0,0.0,0,0.0,0.0,0.0,0,0.0,0.0,0.0,0,0.0,0.0,0.0,0,2.35648,214.864,51.928,6,-57.4109,42.5891,0.12,0,6.00902,641.537,86.5419,74,-55.2734,44.7266,1.48,0,0.0,0.0,0.0,0,0.0,0.0,0.0,0
120,0.0,0.0,0.0,0,0.0,0.0,0.0,0,0.0,0.0,0.0,0,0.0,0.0,0.0,0,0.0,0.0,0.0,0,0.0,0.0,0.0,0,2.07875,215.182,51.986,6,-59.0806,40.9194,0.12,0,6.02586,641.058,86.5737,74,-55.8064,44.1936,1.48,0,0.0,0.0,0.0,0,0.0,0.0,0.0,0
121,0.0,0.0,0.0,0,0.0,0.0,0.0,0,0.0,0.0,0.0,0,0.0,0.0,0.0,0,0.0,0.0,0.0,0,0.0,0.0,0.0,0,2.17133,215.082,52.0278,6,-59.0806,40.9194,0.12,0,6.00061,640.571,86.6053,74,-55.8064,44.1936,1.48,0,0.0,0.0,0.0,0,0.0,0.0,0.0,0
122,0.0,0.0,0.0,0,0.0,0.0,0.0,0,0.0,0.0,0.0,0,0.0,0.0,0.0,0,0.0,0.0,0.0,0,0.0,0.0,0.0,0,2.07034,215.156,52.0854,6,-59.2823,40.7177,0.12,0,5.97536,640.075,86.6367,74,-55.8374,44.1626,1.48,0,0.0,0.0,0.0,0,0.0,0.0,0.0,0
123,0.0,0.0,0.0,0,0.0,0.0,0.0,0,0.0,0.0,0.0,0,0.0,0.0,0.0,0,0.0,0.0,0.0,0,0.0,0.0,0.0,0,1.80102,235.789,55.3607,5,-59.1131,40.8869,0.1,0,6.06794,632.494,85.995,75,-55.7688,44.2312,1.5,1,0.0,0.0,0.0,0,0.0,0.0,0.0,0
124,0.0,0.0,0.0,0,0.0,0.0,0.0,0,0.0,0.0,0.0,0,0.0,0.0,0.0,0,0.0,0.0,0.0,0,0.0,0.0,0.0,0,1.67478,236.239,55.4,5,-59.3018,40.6982,0.1,0,6.01744,631.956,86.0313,75,-55.7907,44.2093,1.5,0,0.0,0.0,0.0,0,0.0,0.0,0.0,0
125,0.0,0.0,0.0,0,0.0,0.0,0.0,0,0.0,0.0,0.0,0,0.0,0.0,0.0,0,0.0,0.0,0.0,0,0.0,0.0,0.0,0,1.64112,236.679,55.4452,5,-59.4843,40.5157,0.1,0,5.95011,631.422,86.068,75,-55.8087,44.1913,1.5,0,0.0,0.0,0.0,0,0.0,0.0,0.0,0
126,0.0,0.0,0.0,0,0.0,0.0,0.0,0,0.0,0.0,0.0,0,0.0,0.0,0.0,0,0.0,0.0,0.0,0,0.0,0.0,0.0,0,1.48122,237.234,55.52,5,-59.6607,40.3393,0.1,0,5.79021,630.975,86.106,75,-55.8243,44.1757,1.5,0,0.0,0.0,0.0,0,0.0,0.0,0.0,0
127,0.0,0.0,0.0,0,0.0,0.0,0.0,0,0.0,0.0,0.0,0,0.0,0.0,0.0,0,0.0,0.0,0.0,0,0.0,0.0,0.0,0,1.49805,237.767,55.5905,5,-59.8312,40.1688,0.1,0,5.67238,630.576,86.145,75,-55.8398,44.1602,1.5,0,0.0,0.0,0.0,0,0.0,0.0,0.0,0
128,0.0,0.0,0.0,0,0.0,0.0,0.0,0,0.0,0.0,0.0,0,0.0,0.0,0.0,0,0.0,0.0,0.0,0,0.0,0.0,0.0,0,1.49805,238.067,55.6598,5,-59.9958,40.0042,0.1,0,5.68922,630.197,86.1831,75,-55.8581,44.1419,1.5,0,0.0,0.0,0.0,0,0.0,0.0,0.0,0
129,0.0,0.0,0.0,0,0.0,0.0,0.0,0,0.0,0.0,0.0,0,0.0,0.0,0.0,0,0.0,0.0,0.0,0,0.0,0.0,0.0,0,1.64954,238.168,55.7,5,-60.1548,39.8452,0.1,0,5.7313,629.826,86.2201,75,-55.88,44.12,1.5,0,0.0,0.0,0.0,0,0.0,0.0,0.0,0
130,0.0,0.0,0.0,0,0.0,0.0,0.0,0,0.0,0.0,0.0,0,0.0,0.0,0.0,0,0.0,0.0,0.0,0,0.0,0.0,0.0,0,1.32131,238.287,55.8,5,-60.3082,39.6918,0.1,0,5.76496,629.374,86.2561,75,-55.8977,44.1023,1.5,0,0.0,0.0,0.0,0,0.0,0.0,0.0,0
131,0.0,0.0,0.0,0,0.0,0.0,0.0,0,0.0,0.0,0.0,0,0.0,0.0,0.0,0,0.0,0.0,0.0,0,0.0,0.0,0.0,0,1.35498,209.116,51.2519,4,-60.0677,39.9323,0.08,0,5.74813,625.337,86.136,76,-55.8389,44.1611,1.52,1,0.0,0.0,0.0,0,0.0,0.0,0.0,0
132,0.0,0.0,0.0,0,0.0,0.0,0.0,0,0.0,0.0,0.0,0,0.0,0.0,0.0,0,0.0,0.0,0.0,0,0.0,0.0,0.0,0,1.38022,208.972,51.3111,4,-60.1721,39.8279,0.08,0,5.6808,624.905,86.1741,76,-55.8465,44.1535,1.52,0,0.0,0.0,0.0,0,0.0,0.0,0.0,0
133,0.0,0.0,0.0,0,0.0,0.0,0.0,0,0.0,0.0,0.0,0,0.0,0.0,0.0,0,0.0,0.0,0.0,0,0.0,0.0,0.0,0,1.17824,208.954,51.4148,4,-60.2698,39.7302,0.08,0,5.6303,624.506,86.2121,76,-55.8492,44.1508,1.52,0,0.0,0.0,0.0,0,0.0,0.0,0.0,0
134,0.0,0.0,0.0,0,0.0,0.0,0.0,0,0.0,0.0,0.0,0,0.0,0.0,0.0,0,0.0,0.0,0.0,0,0.0,0.0,0.0,0,1.08566,216.961,48.599,3,-60.2172,39.7828,0.06,0,5.63872,624.106,86.2495,76,-55.846,44.154,1.52,0,0.0,0.0,0.0,0,0.0,0.0,0.0,0
135,0.0,0.0,0.0,0,0.0,0.0,0.0,0,0.0,0.0,0.0,0,0.0,0.0,0.0,0,0.0,0.0,0.0,0,0.0,0.0,0.0,0,1.03517,216.922,48.6766,3,-61.1466,38.8534,0.06,0,5.86595,617.93,85.9508,77,-55.8208,44.1792,1.54,1,0.0,0.0,0.0,0,0.0,0.0,0.0,0
136,0.0,0.0,0.0,0,0.0,0.0,0.0,0,0.0,0.0,0.0,0,0.0,0.0,0.0,0,0.0,0.0,0.0,0,0.0,0.0,0.0,0,1.11933,216.135,48.7284,3,-61.1466,38.8534,0.06,0,5.64714,617.388,85.9903,77,-55.8208,44.1792,1.54,0,0.0,0.0,0.0,0,0.0,0.0,0.0,0
137,0.0,0.0,0.0,0,0.0,0.0,0.0,0,0.0,0.0,0.0,0,0.0,0.0,0.0,0,0.0,0.0,0.0,0,0.0,0.0,0.0,0,1.09408,215.595,48.7868,3,-61.4788,38.5212,0.06,0,5.6303,616.988,86.0294,77,-55.79,44.21,1.54,0,0.0,0.0,0.0,0,0.0,0.0,0.0,0
138,0.0,0.0,0.0,0,0.0,0.0,0.0,0,0.0,0.0,0.0,0,0.0,0.0,0.0,0,0.0,0.0,0.0,0,0.0,0.0,0.0,0,1.00992,247.759,51.2628,2,-61.1712,38.8288,0.04,0,5.67238,610.579,85.5292,78,-55.6684,44.3316,1.56,1,0.0,0.0,0.0,0,0.0,0.0,0.0,0
139,0.0,0.0,0.0,0,0.0,0.0,0.0,0,0.0,0.0,0.0,0,0.0,0.0,0.0,0,0.0,0.0,0.0,0,0.0,0.0,0.0,0,1.06883,247.003,51.1558,2,-61.4943,38.5057,0.04,0,5.7313,610.081,85.5708,78,-55.5805,44.4195,1.56,0,0.0,0.0,0.0,0,0.0,0.0,0.0,0
140,0.0,0.0,0.0,0,0.0,0.0,0.0,0,0.0,0.0,0.0,0,0.0,0.0,0.0,0,0.0,0.0,0.0,0,0.0,0.0,0.0,0,0.698528,247.102,51.2086,2,-62.5548,37.4452,0.04,0,5.80704,609.554,85.611,78,-55.4494,44.5506,1.56,0,0.0,0.0,0.0,0,0.0,0.0,0.0,0
141,0.0,0.0,0.0,0,0.0,0.0,0.0,0,0.0,0.0,0.0,0,0.0,0.0,0.0,0,0.0,0.0,0.0,0,0.0,0.0,0.0,0,0.88368,247.041,51.1821,2,-62.5548,37.4452,0.04,0,6.02586,608.892,85.6482,78,-55.4494,44.5506,1.56,0,0.0,0.0,0.0,0,0.0,0.0,0.0,0
142,0.0,0.0,0.0,0,0.0,0.0,0.0,0,0.0,0.0,0.0,0,0.0,0.0,0.0,0,0.0,0.0,0.0,0,0.0,0.0,0.0,0,0.824768,246.889,51.1809,2,-62.6483,37.3517,0.04,0,6.13526,608.166,85.6837,78,-55.3475,44.6525,1.56,0,0.0,0.0,0.0,0,0.0,0.0,0.0,0
143,0.0,0.0,0.0,0,0.0,0.0,0.0,0,0.0,0.0,0.0,0,0.0,0.0,0.0,0,0.0,0.0,0.0,0,0.0,0.0,0.0,0,0.782688,75.7204,22.8521,1,-60.5117,39.4883,0.02,0,6.00902,605.096,85.6418,79,-55.2336,44.7664,1.58,1,0.0,0.0,0.0,0,0.0,0.0,0.0,0
144,0.0,0.0,0.0,0,0.0,0.0,0.0,0,0.0,0.0,0.0,0,0.0,0.0,0.0,0,0.0,0.0,0.0,0,0.0,0.0,0.0,0,0.732192,75.617,22.7832,1,-60.7987,39.2013,0.02,0,5.95011,604.596,85.6796,79,-55.1639,44.8361,1.58,0,0.0,0.0,0.0,0,0.0,0.0,0.0,0
145,0.0,0.0,0.0,0,0.0,0.0,0.0,0,0.0,0.0,0.0,0,0.0,0.0,0.0,0,0.0,0.0,0.0,0,0.0,0.0,0.0,0,0.908928,75.5165,22.5694,1,-62.7436,37.2564,0.02,0,5.95853,604.121,85.7169,79,-54.8542,45.1458,1.58,0,0.0,0.0,0.0,0,0.0,0.0,0.0,0
146,0.0,0.0,0.0,0,0.0,0.0,0.0,0,0.0,0.0,0.0,0,0.0,0.0,0.0,0,0.0,0.0,0.0,0,0.0,0.0,0.0,0,0.706944,75.5436,22.5241,1,-62.7436,37.2564,0.02,0,6.37091,603.354,85.7493,79,-54.8542,45.1458,1.58,0,0.0,0.0,0.0,0,0.0,0.0,0.0,0
147,0.0,0.0,0.0,0,0.0,0.0,0.0,0,0.0,0.0,0.0,0,0.0,0.0,0.0,0,0.0,0.0,0.0,0,0.0,0.0,0.0,0,0.12624,75.6447,22.9521,1,-63.2002,36.7998,0.02,0,6.37091,602.591,85.7813,79,-54.6775,45.3225,1.58,0,0.0,0.0,0.0,0,0.0,0.0,0.0,0
148,0.0,0.0,0.0,0,0.0,0.0,0.0,0,0.0,0.0,0.0,0,0.0,0.0,0.0,0,0.0,0.0,0.0,0,0.0,0.0,0.0,0,0.0,75.6447,23.4762,1,-63.6459,36.3541,0.02,0,6.49715,601.838,85.8115,79,-54.4886,45.5114,1.58,0,0.0,0.0,0.0,0,0.0,0.0,0.0,0
149,0.0,0.0,0.0,0,0.0,0.0,0.0,0,0.0,0.0,0.0,0,0.0,0.0,0.0,0,0.0,0.0,0.0,0,0.0,0.0,0.0,0,0.0,75.6447,23.9932,1,-64.0812,35.9188,0.02,0,8.85363,600.222,85.8174,79,-54.2895,45.7105,1.58,0,0.0,0.0,0.0,0,0.0,0.0,0.0,0
150,0.0,0.0,0.0,0,0.0,0.0,0.0,0,0.0,0.0,0.0,0,0.0,0.0,0.0,0,0.0,0.0,0.0,0,0.0,0.0,0.0,0,0.0,75.6447,24.5034,1,-64.5066,35.4934,0.02,0,12.5567,596.491,85.7858,79,-54.0856,45.9144,1.58,0,0.0,0.0,0.0,0,0.0,0.0,0.0,0
151,0.0,0.0,0.0,0,0.0,0.0,0.0,0,0.0,0.0,0.0,0,0.0,0.0,0.0,0,0.0,0.0,0.0,0,0.0,0.0,0.0,0,0.0,75.6447,25.0067,1,-64.9223,35.0777,0.02,0,12.6997,592.849,85.7532,79,-53.9242,46.0758,1.58,0,0.0,0.0,0.0,0,0.0,0.0,0.0,0
152,0.0,0.0,0.0,0,0.0,0.0,0.0,0,0.0,0.0,0.0,0,0.0,0.0,0.0,0,0.0,0.0,0.0,0,0.0,0.0,0.0,0,0.0,75.6447,25.5033,1,-65.3288,34.6712,0.02,0,12.9017,589.327,85.7191,79,-54.0297,45.9703,1.58,0,0.0,0.0,0.0,0,0.0,0.0,0.0,0
153,0.0,0.0,0.0,0,0.0,0.0,0.0,0,0.0,0.0,0.0,0,0.0,0.0,0.0,0,0.0,0.0,0.0,0,0.0,0.0,0.0,0,0.0,0.0,0.0,0,0.0,0.0,0.0,0,16.2765,578.167,84.9062,80,-54.1299,45.8701,1.6,1,0.0,0.0,0.0,0,0.0,0.0,0.0,0
154,0.0,0.0,0.0,0,0.0,0.0,0.0,0,0.0,0.0,0.0,0,0.0,0.0,0.0,0,0.0,0.0,0.0,0,0.0,0.0,0.0,0,0.0,0.0,0.0,0,0.0,0.0,0.0,0,17.4969,573.139,84.835,80,-54.1836,45.8164,1.6,0,0.0,0.0,0.0,0,0.0,0.0,0.0,0
155,0.0,0.0,0.0,0,0.0,0.0,0.0,0,0.0,0.0,0.0,0,0.0,0.0,0.0,0,0.0,0.0,0.0,0,0.0,0.0,0.0,0,0.0,0.0,0.0,0,0.0,0.0,0.0,0,17.4716,568.387,84.765,80,-54.2168,45.7832,1.6,0,0.0,0.0,0.0,0,0.0,0.0,0.0,0
156,0.0,0.0,0.0,0,0.0,0.0,0.0,0,0.0,0.0,0.0,0,0.0,0.0,0.0,0,0.0,0.0,0.0,0,0.0,0.0,0.0,0,0.0,0.0,0.0,0,0.0,0.0,0.0,0,17.4884,563.879,84.6957,80,-54.2409,45.7591,1.6,0,0.0,0.0,0.0,0,0.0,0.0,0.0,0
157,0.0,0.0,0.0,0,0.0,0.0,0.0,0,0.0,0.0,0.0,0,0.0,0.0,0.0,0,0.0,0.0,0.0,0,0.0,0.0,0.0,0,0.0,0.0,0.0,0,0.0,0.0,0.0,0,17.4716,559.597,84.6275,80,-54.2645,45.7355,1.6,0,0.0,0.0,0.0,0,0.0,0.0,0.0,0
158,0.0,0.0,0.0,0,0.0,0.0,0.0,0,0.0,0.0,0.0,0,0.0,0.0,0.0,0,0.0,0.0,0.0,0,0.0,0.0,0.0,0,0.0,0.0,0.0,0,0.0,0.0,0.0,0,17.48,555.524,84.56,80,-54.29,45.71,1.6,0,0.0,0.0,0.0,0,0.0,0.0,0.0,0
159,0.0,0.0,0.0,0,0.0,0.0,0.0,0,0.0,0.0,0.0,0,0.0,0.0,0.0,0,0.0,0.0,0.0,0,0.0,0.0,0.0,0,0.0,0.0,0.0,0,0.0,0.0,0.0,0,17.4969,551.635,84.4933,80,-54.3642,45.6358,1.6,0,0.0,0.0,0.0,0,0.0,0.0,0.0,0
160,0.0,0.0,0.0,0,0.0,0.0,0.0,0,0.0,0.0,0.0,0,0.0,0.0,0.0,0,0.0,0.0,0.0,0,0.0,0.0,0.0,0,0.0,0.0,0.0,0,0.0,0.0,0.0,0,17.5053,547.923,84.4273,80,-54.4256,45.5744,1.6,0,0.0,0.0,0.0,0,0.0,0.0,0.0,0
161,0.0,0.0,0.0,0,0.0,0.0,0.0,0,0.0,0.0,0.0,0,0.0,0.0,0.0,0,0.0,0.0,0.0,0,0.0,0.0,0.0,0,0.0,0.0,0.0,0,0.0,0.0,0.0,0,17.4884,544.38,84.3623,80,-54.4786,45.5214,1.6,0,0.0,0.0,0.0,0,0.0,0.0,0.0,0
162,0.0,0.0,0.0,0,0.0,0.0,0.0,0,0.0,0.0,0.0,0,0.0,0.0,0.0,0,0.0,0.0,0.0,0,0.0,0.0,0.0,0,0.0,0.0,0.0,0,0.0,0.0,0.0,0,17.4969,540.987,84.298,80,-54.5284,45.4716,1.6,0,0.0,0.0,0.0,0,0.0,0.0,0.0,0
163,0.0,0.0,0.0,0,0.0,0.0,0.0,0,0.0,0.0,0.0,0,0.0,0.0,0.0,0,0.0,0.0,0.0,0,0.0,0.0,0.0,0,0.0,0.0,0.0,0,0.0,0.0,0.0,0,17.4969,537.736,84.2345,80,-54.5796,45.4204,1.6,0,0.0,0.0,0.0,0,0.0,0.0,0.0,0
164,0.0,0.0,0.0,0,0.0,0.0,0.0,0,0.0,0.0,0.0,0,0.0,0.0,0.0,0,0.0,0.0,0.0,0,0.0,0.0,0.0,0,0.0,0.0,0.0,0,0.0,0.0,0.0,0,17.4969,534.619,84.1718,80,-54.6418,45.3582,1.6,0,0.0,0.0,0.0,0,0.0,0.0,0.0,0
165,0.0,0.0,0.0,0,0.0,0.0,0.0,0,0.0,0.0,0.0,0,0.0,0.0,0.0,0,0.0,0.0,0.0,0,0.0,0.0,0.0,0,0.0,0.0,0.0,0,0.0,0.0,0.0,0,17.48,531.631,84.11,80,-54.7385,45.2615,1.6,0,0.0,0.0,0.0,0,0.0,0.0,0.0,0
166,0.0,0.0,0.0,0,0.0,0.0,0.0,0,0.0,0.0,0.0,0,0.0,0.0,0.0,0,0.0,0.0,0.0,0,0.0,0.0,0.0,0,0.0,0.0,0.0,0,0.0,0.0,0.0,0,17.4884,528.756,84.0489,80,-54.8762,45.1238,1.6,0,0.0,0.0,0.0,0,0.0,0.0,0.0,0
167,0.0,0.0,0.0,0,0.0,0.0,0.0,0,0.0,0.0,0.0,0,0.0,0.0,0.0,0,0.0,0.0,0.0,0,0.0,0.0,0.0,0,0.0,0.0,0.0,0,0.0,0.0,0.0,0,17.5053,525.989,83.9883,80,-55.0326,44.9674,1.6,0,0.0,0.0,0.0,0,0.0,0.0,0.0,0
168,0.0,0.0,0.0,0,0.0,0.0,0.0,0,0.0,0.0,0.0,0,0.0,0.0,0.0,0,0.0,0.0,0.0,0,0.0,0.0,0.0,0,0.0,0.0,0.0,0,0.0,0.0,0.0,0,17.5053,523.324,83.9285,80,-55.1847,44.8153,1.6,0,0.0,0.0,0.0,0,0.0,0.0,0.0,0
169,0.0,0.0,0.0,0,0.0,0.0,0.0,0,0.0,0.0,0.0,0,0.0,0.0,0.0,0,0.0,0.0,0.0,0,0.0,0.0,0.0,0,0.0,0.0,0.0,0,0.0,0.0,0.0,0,17.5053,520.758,83.8694,80,-55.3251,44.6749,1.6,0,0.0,0.0,0.0,0,0.0,0.0,0.0,0
170,0.0,0.0,0.0,0,0.0,0.0,0.0,0,0.0,0.0,0.0,0,0.0,0.0,0.0,0,0.0,0.0,0.0,0,0.0,0.0,0.0,0,0.0,0.0,0.0,0,0.0,0.0,0.0,0,17.4969,518.284,83.8111,80,-55.4633,44.5367,1.6,0,0.0,0.0,0.0,0,0.0,0.0,0.0,0
171,0.0,0.0,0.0,0,0.0,0.0,0.0,0,0.0,0.0,0.0,0,0.0,0.0,0.0,0,0.0,0.0,0.0,0,0.0,0.0,0.0,0,0.0,0.0,0.0,0,0.0,0.0,0.0,0,17.4884,515.897,83.7535,80,-55.4633,44.5367,1.6,0,0.0,0.0,0.0,0,0.0,0.0,0.0,0
172,0.0,0.0,0.0,0,0.0,0.0,0.0,0,0.0,0.0,0.0,0,0.0,0.0,0.0,0,0.0,0.0,0.0,0,0.0,0.0,0.0,0,0.0,0.0,0.0,0,0.0,0.0,0.0,0,17.4969,513.591,83.6966,80,-55.3848,44.6152,1.6,0,0.0,0.0,0.0,0,0.0,0.0,0.0,0
173,0.0,0.0,0.0,0,0.0,0.0,0.0,0,0.0,0.0,0.0,0,0.0,0.0,0.0,0,0.0,0.0,0.0,0,0.0,0.0,0.0,0,0.0,0.0,0.0,0,0.0,0.0,0.0,0,17.48,511.368,83.6404,80,-55.3325,44.6675,1.6,0,0.0,0.0,0.0,0,0.0,0.0,0.0,0
174,0.0,0.0,0.0,0,0.0,0.0,0.0,0,0.0,0.0,0.0,0,0.0,0.0,0.0,0,0.0,0.0,0.0,0,0.0,0.0,0.0,0,0.0,0.0,0.0,0,0.0,0.0,0.0,0,17.4969,509.214,83.5848,80,-55.2813,44.7187,1.6,0,0.0,0.0,0.0,0,0.0,0.0,0.0,0
175,0.0,0.0,0.0,0,0.0,0.0,0.0,0,0.0,0.0,0.0,0,0.0,0.0,0.0,0,0.0,0.0,0.0,0,0.0,0.0,0.0,0,0.0,0.0,0.0,0,0.0,0.0,0.0,0,17.5053,507.128,83.5297,80,-55.434,44.566,1.6,0,0.0,0.0,0.0,0,0.0,0.0,0.0,0
176,0.0,0.0,0.0,0,0.0,0.0,0.0,0,0.0,0.0,0.0,0,0.0,0.0,0.0,0,0.0,0.0,0.0,0,0.0,0.0,0.0,0,0.0,0.0,0.0,0,0.0,0.0,0.0,0,17.5053,505.11,83.4752,80,-55.434,44.566,1.6,0,0.0,0.0,0.0,0,0.0,0.0,0.0,0
177,0.0,0.0,0.0,0,0.0,0.0,0.0,0,0.0,0.0,0.0,0,0.0,0.0,0.0,0,0.0,0.0,0.0,0,0.0,0.0,0.0,0,0.0,0.0,0.0,0,0.0,0.0,0.0,0,17.4969,503.155,83.4214,80,-55.2659,44.7341,1.6,0,0.0,0.0,0.0,0,0.0,0.0,0.0,0
178,0.0,0.0,0.0,0,0.0,0.0,0.0,0,0.0,0.0,0.0,0,0.0,0.0,0.0,0,0.0,0.0,0.0,0,0.0,0.0,0.0,0,0.0,0.0,0.0,0,0.0,0.0,0.0,0,17.5053,501.26,83.3682,80,-55.0949,44.9051,1.6,0,0.0,0.0,0.0,0,0.0,0.0,0.0,0
179,0.0,0.0,0.0,0,0.0,0.0,0.0,0,0.0,0.0,0.0,0,0.0,0.0,0.0,0,0.0,0.0,0.0,0,0.0,0.0,0.0,0,0.0,0.0,0.0,0,0.0,0.0,0.0,0,17.4969,499.423,83.3157,80,-54.918,45.082,1.6,0,0.0,0.0,0.0,0,0.0,0.0,0.0,0
180,0.0,0.0,0.0,0,0.0,0.0,0.0,0,0.0,0.0,0.0,0,0.0,0.0,0.0,0,0.0,0.0,0.0,0,0.0,0.0,0.0,0,0.0,0.0,0.0,0,0.0,0.0,0.0,0,17.5053,497.639,83.2636,80,-54.7347,45.2653,1.6,0,0.0,0.0,0.0,0,0.0,0.0,0.0,0
181,0.0,0.0,0.0,0,0.0,0.0,0.0,0,0.0,0.0,0.0,0,0.0,0.0,0.0,0,0.0,0.0,0.0,0,0.0,0.0,0.0,0,0.0,0.0,0.0,0,0.0,0.0,0.0,0,17.4716,495.909,83.2124,80,-54.5551,45.4449,1.6,0,0.0,0.0,0.0,0,0.0,0.0,0.0,0
182,0.0,0.0,0.0,0,0.0,0.0,0.0,0,0.0,0.0,0.0,0,0.0,0.0,0.0,0,0.0,0.0,0.0,0,0.0,0.0,0.0,0,0.0,0.0,0.0,0,0.0,0.0,0.0,0,17.4884,494.229,83.1617,80,-54.4114,45.5886,1.6,0,0.0,0.0,0.0,0,0.0,0.0,0.0,0
183,0.0,0.0,0.0,0,0.0,0.0,0.0,0,0.0,0.0,0.0,0,0.0,0.0,0.0,0,0.0,0.0,0.0,0,0.0,0.0,0.0,0,0.0,0.0,0.0,0,0.0,0.0,0.0,0,17.4884,492.595,83.1115,80,-54.3232,45.6768,1.6,0,0.0,0.0,0.0,0,0.0,0.0,0.0,0
184,0.0,0.0,0.0,0,0.0,0.0,0.0,0,0.0,0.0,0.0,0,0.0,0.0,0.0,0,0.0,0.0,0.0,0,0.0,0.0,0.0,0,0.0,0.0,0.0,0,0.0,0.0,0.0,0,17.48,491.009,83.0619,80,-54.2725,45.7275,1.6,0,0.0,0.0,0.0,0,0.0,0.0,0.0,0
185,0.0,0.0,0.0,0,0.0,0.0,0.0,0,0.0,0.0,0.0,0,0.0,0.0,0.0,0,0.0,0.0,0.0,0,0.0,0.0,0.0,0,0.0,0.0,0.0,0,0.0,0.0,0.0,0,17.48,489.465,83.0128,80,-54.2487,45.7513,1.6,0,0.0,0.0,0.0,0,0.0,0.0,0.0,0
186,0.0,0.0,0.0,0,0.0,0.0,0.0,0,0.0,0.0,0.0,0,0.0,0.0,0.0,0,0.0,0.0,0.0,0,0.0,0.0,0.0,0,0.0,0.0,0.0,0,0.0,0.0,0.0,0,17.48,487.962,82.9643,80,-54.2439,45.7561,1.6,0,0.0,0.0,0.0,0,0.0,0.0,0.0,0
187,0.0,0.0,0.0,0,0.0,0.0,0.0,0,0.0,0.0,0.0,0,0.0,0.0,0.0,0,0.0,0.0,0.0,0,0.0,0.0,0.0,0,0.0,0.0,0.0,0,0.0,0.0,0.0,0,17.48,486.501,82.9163,80,-54.2477,45.7523,1.6,0,0.0,0.0,0.0,0,0.0,0.0,0.0,0
188,0.0,0.0,0.0,0,0.0,0.0,0.0,0,0.0,0.0,0.0,0,0.0,0.0,0.0,0,0.0,0.0,0.0,0,0.0,0.0,0.0,0,0.0,0.0,0.0,0,0.0,0.0,0.0,0,17.5053,485.075,82.8686,80,-54.2589,45.7411,1.6,0,0.0,0.0,0.0,0,0.0,0.0,0.0,0
189,0.0,0.0,0.0,0,0.0,0.0,0.0,0,0.0,0.0,0.0,0,0.0,0.0,0.0,0,0.0,0.0,0.0,0,0.0,0.0,0.0,0,0.0,0.0,0.0,0,0.0,0.0,0.0,0,17.5053,483.687,82.8215,80,-54.2946,45.7054,1.6,0,0.0,0.0,0.0,0,0.0,0.0,0.0,0
190,0.0,0.0,0.0,0,0.0,0.0,0.0,0,0.0,0.0,0.0,0,0.0,0.0,0.0,0,0.0,0.0,0.0,0,0.0,0.0,0.0,0,0.0,0.0,0.0,0,0.0,0.0,0.0,0,17.4884,482.335,82.7749,80,-54.3939,45.6061,1.6,0,0.0,0.0,0.0,0,0.0,0.0,0.0,0
191,0.0,0.0,0.0,0,0.0,0.0,0.0,0,0.0,0.0,0.0,0,0.0,0.0,0.0,0,0.0,0.0,0.0,0,0.0,0.0,0.0,0,0.0,0.0,0.0,0,0.0,0.0,0.0,0,17.4884,481.018,82.7289,80,-54.5618,45.4382,1.6,0,0.0,0.0,0.0,0,0.0,0.0,0.0,0
192,0.0,0.0,0.0,0,0.0,0.0,0.0,0,0.0,0.0,0.0,0,0.0,0.0,0.0,0,0.0,0.0,0.0,0,0.0,0.0,0.0,0,0.0,0.0,0.0,0,0.0,0.0,0.0,0,17.4969,479.732,82.6832,80,-54.7348,45.2652,1.6,0,0.0,0.0,0.0,0,0.0,0.0,0.0,0
193,0.0,0.0,0.0,0,0.0,0.0,0.0,0,0.0,0.0,0.0,0,0.0,0.0,0.0,0,0.0,0.0,0.0,0,0.0,0.0,0.0,0,0.0,0.0,0.0,0,0.0,0.0,0.0,0,17.5053,478.477,82.638,80,-54.8831,45.1169,1.6,0,0.0,0.0,0.0,0,0.0,0.0,0.0,0
194,0.0,0.0,0.0,0,0.0,0.0,0.0,0,0.0,0.0,0.0,0,0.0,0.0,0.0,0,0.0,0.0,0.0,0,0.0,0.0,0.0,0,0.0,0.0,0.0,0,0.0,0.0,0.0,0,17.4716,477.255,82.5935,80,-55.0077,44.9923,1.6,0,0.0,0.0,0.0,0,0.0,0.0,0.0,0
195,0.0,0.0,0.0,0,0.0,0.0,0.0,0,0.0,0.0,0.0,0,0.0,0.0,0.0,0,0.0,0.0,0.0,0,0.0,0.0,0.0,0,0.0,0.0,0.0,0,0.0,0.0,0.0,0,17.4969,476.061,82.5493,80,-55.2014,44.7986,1.6,0,0.0,0.0,0.0,0,0.0,0.0,0.0,0
196,0.0,0.0,0.0,0,0.0,0.0,0.0,0,0.0,0.0,0.0,0,0.0,0.0,0.0,0,0.0,0.0,0.0,0,0.0,0.0,0.0,0,0.0,0.0,0.0,0,0.0,0.0,0.0,0,2.82778,475.918,82.6172,80,-55.4715,44.5285,1.6,0,0.0,0.0,0.0,0,0.0,0.0,0.0,0
197,0.0,0.0,0.0,0,0.0,0.0,0.0,0,0.0,0.0,0.0,0,0.0,0.0,0.0,0,0.0,0.0,0.0,0,0.0,0.0,0.0,0,0.0,0.0,0.0,0,0.0,0.0,0.0,0,2.45747,475.804,82.6873,80,-55.7198,44.2802,1.6,0,0.0,0.0,0.0,0,0.0,0.0,0.0,0
198,0.0,0.0,0.0,0,0.0,0.0,0.0,0,0.0,0.0,0.0,0,0.0,0.0,0.0,0,0.0,0.0,0.0,0,0.0,0.0,0.0,0,6.00902,389.784,75.2841,38,-72.1325,27.8675,0.76,38,2.23024,552.408,89.4345,42,-54.2361,45.7639,0.84,0,0.0,0.0,0.0,0,0.0,0.0,0.0,0
199,0.0,0.0,0.0,0,0.0,0.0,0.0,0,0.0,0.0,0.0,0,0.0,0.0,0.0,0,0.0,0.0,0.0,0,0.0,0.0,0.0,0,8.23085,389.629,75.279,38,-72.1674,27.8326,0.76,0,2.43222,552.284,89.4531,42,-54.4082,45.5918,0.84,0,0.0,0.0,0.0,0,0.0,0.0,0.0,0
200,0.0,0.0,0.0,0,0.0,0.0,0.0,0,0.0,0.0,0.0,0,0.0,0.0,0.0,0,0.0,0.0,0.0,0,0.0,0.0,0.0,0,8.33184,455.492,82.2151,65,-71.5579,28.4421,1.3,27,2.29757,410.248,80.9639,11,-48.5327,51.4673,0.22,0,0.0,0.0,0.0,0,0.0,0.0,0.0,0
201,0.0,0.0,0.0,0,0.0,0.0,0.0,0,0.0,0.0,0.0,0,0.0,0.0,0.0,0,0.0,0.0,0.0,0,0.0,0.0,0.0,0,8.09619,492.35,83.6419,73,-71.9528,28.0472,1.46,8,1.23715,287.618,73.3907,7,-41.7048,58.2952,0.14,0,0.0,0.0,0.0,0,0.0,0.0,0.0,0
202,0.0,0.0,0.0,0,0.0,0.0,0.0,0,0.0,0.0,0.0,0,0.0,0.0,0.0,0,0.0,0.0,0.0,0,0.0,0.0,0.0,0,8.02886,483.37,83.2281,75,-71.964,28.036,1.5,2,1.4223,337.123,75.7542,5,-33.8621,66.1379,0.1,0,0.0,0.0,0.0,0,0.0,0.0,0.0,0
203,0.0,0.0,0.0,0,0.0,0.0,0.0,0,0.0,0.0,0.0,0,0.0,0.0,0.0,0,0.0,0.0,0.0,0,0.0,0.0,0.0,0,7.9952,482.24,83.1571,76,-71.8718,28.1282,1.52,1,1.45597,318.408,75.5507,4,-31.8187,68.1813,0.08,0,0.0,0.0,0.0,0,0.0,0.0,0.0,0
204,0.0,0.0,0.0,0,0.0,0.0,0.0,0,0.0,0.0,0.0,0,0.0,0.0,0.0,0,0.0,0.0,0.0,0,0.0,0.0,0.0,0,8.0457,482.089,83.1781,76,-71.8828,28.1172,1.52,0,1.36339,317.714,75.4717,4,-32.4374,67.5626,0.08,0,0.0,0.0,0.0,0,0.0,0.0,0.0,0
205,0.0,0.0,0.0,0,0.0,0.0,0.0,0,0.0,0.0,0.0,0,0.0,0.0,0.0,0,0.0,0.0,0.0,0,0.0,0.0,0.0,0,8.0457,481.951,83.1989,76,-71.8939,28.1061,1.52,0,1.48122,316.75,75.3762,4,-32.9651,67.0349,0.08,0,0.0,0.0,0.0,0,0.0,0.0,0.0,0
206,0.0,0.0,0.0,0,0.0,0.0,0.0,0,0.0,0.0,0.0,0,0.0,0.0,0.0,0,0.0,0.0,0.0,0,0.0,0.0,0.0,0,7.98678,481.834,83.22,76,-71.9051,28.0949,1.52,0,1.43914,315.982,75.2878,4,-33.4025,66.5975,0.08,0,0.0,0.0,0.0,0,0.0,0.0,0.0,0
207,0.0,0.0,0.0,0,0.0,0.0,0.0,0,0.0,0.0,0.0,0,0.0,0.0,0.0,0,0.0,0.0,0.0,0,0.0,0.0,0.0,0,7.9447,481.726,83.2411,76,-71.9137,28.0863,1.52,0,1.66637,314.47,75.1675,4,-33.7713,66.2287,0.08,0,0.0,0.0,0.0,0,0.0,0.0,0.0,0
208,0.0,0.0,0.0,0,0.0,0.0,0.0,0,0.0,0.0,0.0,0,0.0,0.0,0.0,0,0.0,0.0,0.0,0,0.0,0.0,0.0,0,7.96995,481.638,83.2619,76,-71.9231,28.0769,1.52,0,1.59904,312.412,75.058,4,-34.1051,65.8949,0.08,0,0.0,0.0,0.0,0,0.0,0.0,0.0,0
209,0.0,0.0,0.0,0,0.0,0.0,0.0,0,0.0,0.0,0.0,0,0.0,0.0,0.0,0,0.0,0.0,0.0,0,0.0,0.0,0.0,0,7.96154,481.556,83.2825,76,-71.9329,28.0671,1.52,0,1.51488,310.322,74.9615,4,-34.4481,65.5519,0.08,0,0.0,0.0,0.0,0,0.0,0.0,0.0,0
210,0.0,0.0,0.0,0,0.0,0.0,0.0,0,0.0,0.0,0.0,0,0.0,0.0,0.0,0,0.0,0.0,0.0,0,0.0,0.0,0.0,0,7.96154,476.731,83.0122,77,-71.857,28.143,1.54,1,1.33814,372.734,79.5502,3,-26.0816,73.9184,0.06,0,0.0,0.0,0.0,0,0.0,0.0,0.0,0
211,0.0,0.0,0.0,0,0.0,0.0,0.0,0,0.0,0.0,0.0,0,0.0,0.0,0.0,0,0.0,0.0,0.0,0,0.0,0.0,0.0,0,7.9952,476.651,83.0343,77,-71.857,28.143,1.54,0,1.75894,369.956,79.3159,3,-26.0816,73.9184,0.06,0,0.0,0.0,0.0,0,0.0,0.0,0.0,0
212,0.0,0.0,0.0,0,0.0,0.0,0.0,0,0.0,0.0,0.0,0,0.0,0.0,0.0,0,0.0,0.0,0.0,0,0.0,0.0,0.0,0,8.60115,476.394,83.0518,77,-71.8296,28.1704,1.54,0,1.6832,367.243,79.0979,3,-26.3129,73.6871,0.06,0,0.0,0.0,0.0,0,0.0,0.0,0.0,0
213,0.0,0.0,0.0,0,0.0,0.0,0.0,0,0.0,0.0,0.0,0,0.0,0.0,0.0,0,0.0,0.0,0.0,0,0.0,0.0,0.0,0,9.14819,477.341,83.223,78,-71.7815,28.2185,1.56,1,1.69162,253.584,70.6344,2,-17.6996,82.3004,0.04,0,0.0,0.0,0.0,0,0.0,0.0,0.0,0
214,0.0,0.0,0.0,0,0.0,0.0,0.0,0,0.0,0.0,0.0,0,0.0,0.0,0.0,0,0.0,0.0,0.0,0,0.0,0.0,0.0,0,9.43434,476.842,83.2343,78,-71.7544,28.2456,1.56,0,1.6832,249.852,70.3028,2,-18.9004,81.0996,0.04,0,0.0,0.0,0.0,0,0.0,0.0,0.0,0
215,0.0,0.0,0.0,0,0.0,0.0,0.0,0,0.0,0.0,0.0,0,0.0,0.0,0.0,0,0.0,0.0,0.0,0,0.0,0.0,0.0,0,9.49325,476.351,83.245,78,-71.7307,28.2693,1.56,0,1.6832,246.242,69.9743,2,-20.3602,79.6398,0.04,0,0.0,0.0,0.0,0,0.0,0.0,0.0,0
216,0.0,0.0,0.0,0,0.0,0.0,0.0,0,0.0,0.0,0.0,0,0.0,0.0,0.0,0,0.0,0.0,0.0,0,0.0,0.0,0.0,0,9.40067,475.912,83.2564,78,-71.7103,28.2897,1.56,0,1.6832,242.747,69.6488,2,-21.9826,78.0174,0.04,0,0.0,0.0,0.0,0,0.0,0.0,0.0,0
217,0.0,0.0,0.0,0,0.0,0.0,0.0,0,0.0,0.0,0.0,0,0.0,0.0,0.0,0,0.0,0.0,0.0,0,0.0,0.0,0.0,0,9.53533,475.485,83.2666,78,-71.6906,28.3094,1.56,0,1.6832,239.363,69.3264,2,-23.6823,76.3177,0.04,0,0.0,0.0,0.0,0,0.0,0.0,0.0,0
218,0.0,0.0,0.0,0,0.0,0.0,0.0,0,0.0,0.0,0.0,0,0.0,0.0,0.0,0,0.0,0.0,0.0,0,0.0,0.0,0.0,0,9.50166,475.082,83.277,78,-71.6706,28.3294,1.56,0,1.67478,236.118,69.0092,2,-25.3879,74.6121,0.04,0,0.0,0.0,0.0,0,0.0,0.0,0.0,0
219,0.0,0.0,0.0,0,0.0,0.0,0.0,0,0.0,0.0,0.0,0,0.0,0.0,0.0,0,0.0,0.0,0.0,0,0.0,0.0,0.0,0,9.468,474.726,83.2876,78,-71.6502,28.3498,1.56,0,1.58221,233.157,68.7202,2,-27.0498,72.9502,0.04,0,0.0,0.0,0.0,0,0.0,0.0,0.0,0
220,0.0,0.0,0.0,0,0.0,0.0,0.0,0,0.0,0.0,0.0,0,0.0,0.0,0.0,0,0.0,0.0,0.0,0,0.0,0.0,0.0,0,9.468,474.392,83.298,78,-71.6294,28.3706,1.56,0,1.60746,230.261,68.4269,2,-28.6393,71.3607,0.04,0,0.0,0.0,0.0,0,0.0,0.0,0.0,0
221,0.0,0.0,0.0,0,0.0,0.0,0.0,0,0.0,0.0,0.0,0,0.0,0.0,0.0,0,0.0,0.0,0.0,0,0.0,0.0,0.0,0,9.45958,474.063,83.3084,78,-71.6077,28.3923,1.56,0,1.20349,227.736,68.2455,2,-30.1437,69.8563,0.04,0,0.0,0.0,0.0,0,0.0,0.0,0.0,0
222,0.0,0.0,0.0,0,0.0,0.0,0.0,0,0.0,0.0,0.0,0,0.0,0.0,0.0,0,0.0,0.0,0.0,0,0.0,0.0,0.0,0,9.71206,473.75,83.317,78,-71.587,28.413,1.56,0,0.8416,225.528,68.1629,2,-31.5599,68.4401,0.04,0,0.0,0.0,0.0,0,0.0,0.0,0.0,0
223,0.0,0.0,0.0,0,0.0,0.0,0.0,0,0.0,0.0,0.0,0,0.0,0.0,0.0,0,0.0,0.0,0.0,0,0.0,0.0,0.0,0,9.71206,473.462,83.3255,78,-71.5659,28.4341,1.56,0,0.824768,223.451,68.0856,2,-32.8903,67.1097,0.04,0,0.0,0.0,0.0,0,0.0,0.0,0.0,0
224,0.0,0.0,0.0,0,0.0,0.0,0.0,0,0.0,0.0,0.0,0,0.0,0.0,0.0,0,0.0,0.0,0.0,0,0.0,0.0,0.0,0,8.8873,473.33,83.3396,78,-71.543,28.457,1.56,0,0.858432,221.412,68.0,2,-34.14,65.86,0.04,0,0.0,0.0,0.0,0,0.0,0.0,0.0,0
225,0.0,0.0,0.0,0,0.0,0.0,0.0,0,0.0,0.0,0.0,0,0.0,0.0,0.0,0,0.0,0.0,0.0,0,0.0,0.0,0.0,0,9.98138,468.911,83.1362,79,-71.4539,28.5461,1.58,1,0.824768,293.297,69.0804,1,-28.4413,71.5587,0.02,0,0.0,0.0,0.0,0,0.0,0.0,0.0,0
226,0.0,0.0,0.0,0,0.0,0.0,0.0,0,0.0,0.0,0.0,0,0.0,0.0,0.0,0,0.0,0.0,0.0,0,0.0,0.0,0.0,0,10.0908,468.592,83.1437,79,-71.4308,28.5692,1.58,0,0.8416,289.649,68.7733,1,-29.488,70.512,0.02,0,0.0,0.0,0.0,0,0.0,0.0,0.0,0
227,0.0,0.0,0.0,0,0.0,0.0,0.0,0,0.0,0.0,0.0,0,0.0,0.0,0.0,0,0.0,0.0,0.0,0,0.0,0.0,0.0,0,10.0403,468.288,83.1515,79,-71.4074,28.5926,1.58,0,0.8416,286.104,68.469,1,-30.4741,69.5259,0.02,0,0.0,0.0,0.0,0,0.0,0.0,0.0,0
228,0.0,0.0,0.0,0,0.0,0.0,0.0,0,0.0,0.0,0.0,0,0.0,0.0,0.0,0,0.0,0.0,0.0,0,0.0,0.0,0.0,0,10.0571,467.995,83.1591,79,-71.3837,28.6163,1.58,0,0.8416,282.657,68.1674,1,-31.4059,68.5941,0.02,0,0.0,0.0,0.0,0,0.0,0.0,0.0,0
229,0.0,0.0,0.0,0,0.0,0.0,0.0,0,0.0,0.0,0.0,0,0.0,0.0,0.0,0,0.0,0.0,0.0,0,0.0,0.0,0.0,0,10.0992,467.706,83.1663,79,-71.3598,28.6402,1.58,0,0.8416,279.303,67.8684,1,-32.2889,67.7111,0.02,0,0.0,0.0,0.0,0,0.0,0.0,0.0,0
230,0.0,0.0,0.0,0,0.0,0.0,0.0,0,0.0,0.0,0.0,0,0.0,0.0,0.0,0,0.0,0.0,0.0,0,0.0,0.0,0.0,0,9.95613,468.307,83.2632,78,-71.245,28.755,1.56,0,0.824768,276.202,67.5808,1,-33.1278,66.8722,0.02,0,0.0,0.0,0.0,0,0.0,0.0,0.0,0
231,0.0,0.0,0.0,0,0.0,0.0,0.0,0,0.0,0.0,0.0,0,0.0,0.0,0.0,0,0.0,0.0,0.0,0,0.0,0.0,0.0,0,6.79171,468.351,83.291,78,-71.2184,28.7816,1.56,0,0.824768,273.181,67.2957,1,-33.9267,66.0733,0.02,0,1.01834,392.086,75.8261,1,-31.1428,68.8572,0.02,1
232,0.0,0.0,0.0,0,0.0,0.0,0.0,0,0.0,0.0,0.0,0,0.0,0.0,0.0,0,0.0,0.0,0.0,0,0.0,0.0,0.0,0,6.40458,468.567,83.3211,78,-71.1917,28.8083,1.56,0,0.791104,270.644,67.0303,1,-34.6892,65.3108,0.02,0,0.8416,385.682,75.4978,1,-31.9843,68.0157,0.02,0
233,0.0,0.0,0.0,0,0.0,0.0,0.0,0,0.0,0.0,0.0,0,0.0,0.0,0.0,0,0.0,0.0,0.0,0,0.0,0.0,0.0,0,6.84221,468.737,83.3481,78,-71.1625,28.8375,1.56,0,0.774272,268.402,66.7759,1,-35.4183,64.5817,0.02,0,0.833184,379.645,75.1767,1,-33.1061,66.8939,0.02,0
234,0.0,0.0,0.0,0,0.0,0.0,0.0,0,0.0,0.0,0.0,0,0.0,0.0,0.0,0,0.0,0.0,0.0,0,0.0,0.0,0.0,0,7.37242,468.886,83.3714,78,-71.1349,28.8651,1.56,0,0.656448,266.672,66.5837,1,-36.1168,63.8832,0.02,0,0.8416,373.78,74.8541,1,-34.3976,65.6024,0.02,0
235,0.0,0.0,0.0,0,0.0,0.0,0.0,0,0.0,0.0,0.0,0,0.0,0.0,0.0,0,0.0,0.0,0.0,0,0.0,0.0,0.0,0,7.24618,469.001,83.3952,78,-71.1082,28.8918,1.56,0,0.37872,265.583,66.5342,1,-36.7872,63.2128,0.02,0,0.8416,368.111,74.5342,1,-35.7698,64.2302,0.02,0
236,0.0,0.0,0.0,0,0.0,0.0,0.0,0,0.0,0.0,0.0,0,0.0,0.0,0.0,0,0.0,0.0,0.0,0,0.0,0.0,0.0,0,7.09469,469.101,83.4199,78,-71.0812,28.9188,1.56,0,0.0,265.583,66.6766,1,-37.4315,62.5685,0.02,0,0.8416,362.63,74.217,1,-37.1607,62.8393,0.02,0
237,0.0,0.0,0.0,0,0.0,0.0,0.0,0,0.0,0.0,0.0,0,0.0,0.0,0.0,0,0.0,0.0,0.0,0,0.0,0.0,0.0,0,7.68381,469.178,83.4406,78,-71.0539,28.9461,1.56,0,0.0,265.583,66.8178,1,-38.0517,61.9483,0.02,0,0.8416,357.327,73.9025,1,-38.5316,61.4684,0.02,0
238,0.0,0.0,0.0,0,0.0,0.0,0.0,0,0.0,0.0,0.0,0,0.0,0.0,0.0,0,0.0,0.0,0.0,0,0.0,0.0,0.0,0,7.63331,470.054,83.5503,77,-71.0733,28.9267,1.54,0,0.37872,327.201,71.692,2,-30.7597,69.2403,0.04,1,0.8416,352.193,73.5907,1,-39.86,60.14,0.02,0
239,0.0,0.0,0.0,0,0.0,0.0,0.0,0,0.0,0.0,0.0,0,0.0,0.0,0.0,0,0.0,0.0,0.0,0,0.0,0.0,0.0,0,7.49866,470.025,83.5708,77,-71.0474,28.9526,1.54,0,0.833184,324.061,71.6029,2,-32.324,67.676,0.04,0,0.8416,347.221,73.2815,1,-41.1346,58.8654,0.02,0
240,0.0,0.0,0.0,0,0.0,0.0,0.0,0,0.0,0.0,0.0,0,0.0,0.0,0.0,0,0.0,0.0,0.0,0,0.0,0.0,0.0,0,6.8927,470.033,83.595,77,-71.0214,28.9786,1.54,0,0.858432,320.973,71.5084,2,-33.9249,66.0751,0.04,0,0.8416,342.402,72.9749,1,-42.3508,57.6492,0.02,0
241,0.0,0.0,0.0,0,0.0,0.0,0.0,0,0.0,0.0,0.0,0,0.0,0.0,0.0,0,0.0,0.0,0.0,0,0.0,0.0,0.0,0,6.6823,470.068,83.6204,77,-70.9953,29.0047,1.54,0,0.816352,318.135,71.425,2,-35.4474,64.5526,0.04,0,0.8416,337.731,72.6708,1,-43.5079,56.4921,0.02,0
242,0.0,0.0,0.0,0,0.0,0.0,0.0,0,0.0,0.0,0.0,0,0.0,0.0,0.0,0,0.0,0.0,0.0,0,0.0,0.0,0.0,0,6.30358,468.339,83.339,77,-70.9781,29.0219,1.54,1,0.917344,372.432,83.2158,2,-19.3918,80.6082,0.04,1,0.824768,333.397,72.3776,1,-44.6075,55.3925,0.02,0
243,0.0,0.0,0.0,0,0.0,0.0,0.0,0,0.0,0.0,0.0,0,0.0,0.0,0.0,0,0.0,0.0,0.0,0,0.0,0.0,0.0,0,6.42982,468.003,83.3668,77,-70.9597,29.0403,1.54,0,1.4728,362.419,82.9236,2,-13.9791,86.0209,0.04,0,0.824768,329.189,72.0868,1,-45.6523,54.3477,0.02,0
244,0.0,0.0,0.0,0,0.0,0.0,0.0,0,0.0,0.0,0.0,0,0.0,0.0,0.0,0,0.0,0.0,0.0,0,0.0,0.0,0.0,0,6.53082,467.716,83.3938,77,-70.9418,29.0582,1.54,0,0.993088,354.587,82.751,2,-13.6536,86.3464,0.04,0,0.833184,325.007,71.7942,1,-46.6456,53.3544,0.02,0
245,0.0,0.0,0.0,0,0.0,0.0,0.0,0,0.0,0.0,0.0,0,0.0,0.0,0.0,0,0.0,0.0,0.0,0,0.0,0.0,0.0,0,9.98138,469.018,83.5842,76,-70.8328,29.1672,1.52,0,1.11091,328.886,78.1339,3,-32.1377,67.8623,0.06,1,0.75744,321.645,71.541,1,-49.416,50.584,0.02,0
246,0.0,0.0,0.0,0,0.0,0.0,0.0,0,0.0,0.0,0.0,0,0.0,0.0,0.0,0,0.0,0.0,0.0,0,0.0,0.0,0.0,0,6.43824,468.327,83.6102,76,-70.8328,29.1672,1.52,0,1.18666,327.179,78.0313,3,-32.1377,67.8623,0.06,0,0.033664,321.518,71.6408,1,-49.416,50.584,0.02,0
247,0.0,0.0,0.0,0,0.0,0.0,0.0,0,0.0,0.0,0.0,0,0.0,0.0,0.0,0,0.0,0.0,0.0,0,0.0,0.0,0.0,0,6.21101,467.871,83.6373,76,-70.8135,29.1865,1.52,0,1.32973,326.006,77.9065,3,-31.131,68.869,0.06,0,0.0,321.518,71.7561,1,-48.5352,51.4648,0.02,0
248,0.0,0.0,0.0,0,0.0,0.0,0.0,0,0.0,0.0,0.0,0,0.0,0.0,0.0,0,0.0,0.0,0.0,0,0.0,0.0,0.0,0,6.28675,467.479,83.6638,76,-70.7952,29.2048,1.52,0,1.45597,324.58,77.7625,3,-30.1222,69.8778,0.06,0,0.0,321.518,71.8704,1,-47.6075,52.3925,0.02,0
249,0.0,0.0,0.0,0,0.0,0.0,0.0,0,0.0,0.0,0.0,0,0.0,0.0,0.0,0,0.0,0.0,0.0,0,0.0,0.0,0.0,0,6.30358,467.109,83.6899,76,-70.7779,29.2221,1.52,0,1.79261,322.648,77.5659,3,-29.1445,70.8555,0.06,0,0.0,321.518,71.9839,1,-46.6283,53.3717,0.02,0
